abalone_ID,tank_ID,abalone_number,Intercept,umol.L.sec,Temp.C,block,size_class,treatment,weight,volume,chamber.channel,temp,period,CI,mortality,BLANK,start.time,stop.time,umol.sec,mg.sec,blank.rate,mg.sec.corr,mg.gram.hr
1,8,ab1_hw_channel10_trial5_final_12_12_20_O2,197.6408989,-0.00679268,17.4871978,C5,30,hw,0.445458,639,10,17.5,final ,1.49E-05,1,0,3/26/21 9:21,3/26/21 9:51,-4.340522221,-0.000138897,-9.98E-07,-0.000137899,1.114437959
2,15,ab2_hw_channel3_trial5_final_12_12_20_O2,195.3927729,-0.010526475,17.52434066,C5,30,hw,0.737487,634,3,17.5,final ,1.24E-05,1,0,3/26/21 9:21,3/26/21 9:51,-6.673785458,-0.000213561,-9.98E-07,-0.000212563,1.037614533
3,7,ab3_amb_channel1_trial7_final_12_12_20_O2,217.0422837,-0.021713683,17.48652128,C7,30,amb,1.132806,620,1,17.5,final ,1.28E-05,1,0,3/26/21 13:00,3/26/21 13:30,-13.46248362,-0.000430799,-1.40E-05,-0.00041679,1.324536583
5,14,ab5_amb_channel10_trial8_final_12_12_20_O2,200.2457815,-0.010377414,17.47182443,C8,30,amb,0.774108,635,10,17.5,final ,1.29E-05,1,0,3/26/21 15:18,3/26/21 15:48,-6.589658014,-0.000210869,-1.73E-05,-0.000193599,0.900335227
6,18,ab6_amb_channel8_trial3_final_12_11_20_O2,218.4898708,-0.020229914,17.36622472,C3,30,amb,1.113087,630,8,17.5,final ,1.36E-05,1,0,3/26/21 13:34,3/26/21 14:04,-12.74484605,-0.000407835,-6.33E-06,-0.000401501,1.298555221
7,18,ab7_amb_channel1_trial8_final_12_12_20_O2,231.3618096,-0.012953932,17.44496875,C8,30,amb,0.745938,628,1,17.5,final ,1.40E-05,1,0,3/26/21 15:18,3/26/21 15:48,-8.135069413,-0.000260322,-1.73E-05,-0.000243052,1.173003782
8,15,ab8_hw_channel10_trial2_final_12_11_20_O2,198.0058235,-0.01456179,17.39837647,C2,30,hw,1.068015,631,10,17.5,final ,1.29E-05,1,0,3/26/21 11:57,3/26/21 12:27,-9.188489527,-0.000294032,-7.07E-06,-0.000286964,0.967281034
9,14,ab9_amb_channel8_trial6_final_12_12_20_O2,231.4940596,-0.010197073,17.38795327,C6,30,amb,0.574101,636,8,17.5,final ,1.35E-05,1,0,3/26/21 11:07,3/26/21 11:42,-6.485338471,-0.000207531,-1.01E-05,-0.000197476,1.23830891
12,18,ab12_amb_channel7_trial4_final_12_11_20_O2,173.4556776,-0.016687587,17.48179518,C4,30,amb,1.11966,625,7,17.5,final ,1.36E-05,1,0,3/26/21 15:34,3/26/21 16:04,-10.42974197,-0.000333752,-6.56E-06,-0.000327194,1.052014313
14,14,ab14_amb_channel6_trial4_final_12_11_20_O2,172.9829295,-0.01030481,17.39543373,C4,30,amb,0.758145,631,6,17.5,final ,1.30E-05,1,0,3/26/21 15:34,3/26/21 16:04,-6.502334926,-0.000208075,-6.56E-06,-0.000201517,0.956889585
17,15,ab17_hw_channel1_trial1_final_12_11_20_O2,227.1240563,-0.008552724,17.39147126,C1,30,hw,0.526212,615,1,17.5,final ,1.43E-05,1,0,3/26/21 10:13,3/26/21 10:45,-5.259925009,-0.000168318,-2.05E-06,-0.000166268,1.13749975
18,14,ab18_amb_channel3_trial3_final_12_11_20_O2,189.6653898,-0.013959205,17.44509195,C3,30,amb,0.991017,628,3,17.5,final ,1.35E-05,1,0,3/26/21 13:34,3/26/21 14:04,-8.766380482,-0.000280524,-6.33E-06,-0.00027419,0.996033067
19,7,ab19_amb_channel7_trial6_final_12_12_20_O2,192.1362622,-0.009694406,17.54856075,C6,30,amb,0.56565,630,7,17.5,final ,1.58E-05,1,0,3/26/21 11:07,3/26/21 11:42,-6.107475986,-0.000195439,-1.01E-05,-0.000185385,1.179854372
20,8,ab20_hw_channel4_trial2_final_12_11_20_O2,224.3630963,-0.014950078,17.42552941,C2,30,hw,0.907446,633,4,17.5,final ,1.30E-05,1,0,3/26/21 11:57,3/26/21 12:27,-9.463399684,-0.000302829,-7.07E-06,-0.000295761,1.17333737
21,7,ab21_amb_channel7_trial7_final_12_12_20_O2,198.1420856,-0.009230419,17.46947525,C7,30,amb,0.489591,634,7,17.5,final ,1.09E-05,1,0,3/26/21 13:00,3/26/21 13:30,-5.852085917,-0.000187267,-1.40E-05,-0.000173257,1.273971893
22,15,ab22_hw_channel5_trial5_final_12_12_20_O2,202.8675824,-0.013945141,17.33748352,C5,30,hw,0.954396,632,5,17.5,final ,1.35E-05,1,0,3/26/21 9:21,3/26/21 9:51,-8.813329012,-0.000282027,-9.98E-07,-0.000281029,1.060044936
24,15,ab24_hw_channel7_trial1_final_12_11_20_O2,183.0194239,-0.01282675,17.40626437,C1,30,hw,1.055808,628,7,17.5,final ,1.45E-05,1,0,3/26/21 10:13,3/26/21 10:45,-8.055199275,-0.000257766,-2.05E-06,-0.000255717,0.871921423
25,14,ab25_amb_channel9_trial4_final_12_11_20_O2,203.5613473,-0.013204109,17.30421687,C4,30,amb,0.749694,631,9,17.5,final ,1.40E-05,1,0,3/26/21 15:34,3/26/21 16:04,-8.331792595,-0.000266617,-6.56E-06,-0.00026006,1.248795613
26,7,ab26_amb_channel3_trial6_final_12_12_20_O2,196.3495796,-0.01155037,17.43941121,C6,30,amb,0.905568,633,3,17.5,final ,1.31E-05,1,0,3/26/21 11:07,3/26/21 11:42,-7.311384111,-0.000233964,-1.01E-05,-0.00022391,0.890131764
27,7,ab27_amb_channel9_trial7_final_12_12_20_O2,216.8633109,-0.010668628,17.30588542,C7,30,amb,0.617295,633,9,17.5,final ,1.27E-05,1,0,3/26/21 13:00,3/26/21 13:30,-6.753241341,-0.000216104,-1.40E-05,-0.000202094,1.178590914
29,18,ab29_amb_channel7_trial8_final_12_12_20_O2,195.478288,-0.007949076,17.44351938,C8,30,amb,0.591003,631,7,17.5,final ,1.29E-05,1,0,3/26/21 15:18,3/26/21 15:48,-5.015867101,-0.000160508,-1.73E-05,-0.000143238,0.872509935
30,18,ab30_amb_channel10_trial3_final_12_11_20_O2,195.9104422,-0.014051894,17.38360494,C3,30,amb,0.805095,634,10,17.5,final ,1.31E-05,1,0,3/26/21 13:34,3/26/21 14:04,-8.908900966,-0.000285085,-6.33E-06,-0.000278751,1.246441801
31,5,ab31_amb_channel10_trial6_final_12_12_20_O2,165.4048953,-0.044627294,17.48725,C6,60,amb,3.209874,615,10,17.5,final ,1.13E-05,1,0,3/26/21 11:07,3/26/21 11:42,-27.44578604,-0.000878265,-1.01E-05,-0.000868211,0.973732285
33,9,ab33_amb_channel3_trial7_final_12_12_20_O2,158.1280527,-0.032661163,17.57293617,C7,60,amb,2.792958,609,3,17.5,final ,1.19E-05,1,0,3/26/21 13:00,3/26/21 13:30,-19.8906482,-0.000636501,-1.40E-05,-0.000622491,0.802363497
34,5,ab34_amb_channel2_trial8_final_12_12_20_O2,126.3173474,-0.02624794,17.46704065,C8,60,amb,3.177948,607,2,17.5,final ,1.07E-05,1,0,3/26/21 15:18,3/26/21 15:48,-15.93249965,-0.00050984,-1.73E-05,-0.00049257,0.557986493
35,11,ab35_amb_channel4_trial8_final_12_12_20_O2,153.2882509,-0.028046604,17.47637705,C8,60,amb,2.846481,612,4,17.5,final ,1.22E-05,1,0,3/26/21 15:18,3/26/21 15:48,-17.16452178,-0.000549265,-1.73E-05,-0.000531995,0.672824097
37,9,ab37_amb_channel6_trial3_final_12_11_20_O2,162.3862167,-0.037763136,17.36053409,C3,60,amb,3.155412,613,6,17.5,final ,1.17E-05,1,0,3/26/21 13:34,3/26/21 14:04,-23.14880247,-0.000740762,-6.33E-06,-0.000734428,0.837906655
39,17,ab39_hw_channel9_trial1_final_12_11_20_O2,202.9646548,-0.02158778,17.3331954,C1,60,hw,2.356323,619,9,17.5,final ,1.13E-05,1,0,3/26/21 10:13,3/26/21 10:45,-13.3628359,-0.000427611,-2.05E-06,-0.000425561,0.650174595
40,16,ab40_hw_channel4_trial1_final_12_11_20_O2,188.0092481,-0.029451023,17.36248276,C1,60,hw,2.70657,613,4,17.5,final ,1.15E-05,1,0,3/26/21 10:13,3/26/21 10:45,-18.05347711,-0.000577711,-2.05E-06,-0.000575662,0.765686171
41,16,ab41_hw_channel7_trial2_final_12_11_20_O2,173.1031285,-0.033004527,17.42938095,C2,60,hw,2.792958,613,7,17.5,final ,1.21E-05,1,0,3/26/21 11:57,3/26/21 12:27,-20.23177485,-0.000647417,-7.07E-06,-0.000640349,0.825381951
42,5,ab42_amb_channel9_trial3_final_12_11_20_O2,170.471443,-0.048731088,17.2627037,C3,60,amb,3.337578,609,9,17.5,final ,1.31E-05,1,0,3/26/21 13:34,3/26/21 14:04,-29.67723277,-0.000949671,-6.33E-06,-0.000943338,1.01750907
43,16,ab43_hw_channel9_trial5_final_12_12_20_O2,177.039333,-0.038081263,17.34356044,C5,60,hw,3.031464,615,9,17.5,final ,1.25E-05,1,0,3/26/21 9:21,3/26/21 9:51,-23.41997663,-0.000749439,-9.98E-07,-0.000748441,0.888807669
47,11,ab47_amb_channel10_trial7_final_12_12_20_O2,159.9074387,-0.043766218,17.52750526,C7,60,amb,3.972342,606,10,17.5,final ,1.38E-05,1,0,3/26/21 13:00,3/26/21 13:30,-26.52232809,-0.000848714,-1.40E-05,-0.000834705,0.756464844
48,9,ab48_amb_channel5_trial4_final_12_11_20_O2,167.7585871,-0.034388677,17.29690361,C4,60,amb,2.709387,613,5,17.5,final ,1.24E-05,1,0,3/26/21 15:34,3/26/21 16:04,-21.08025921,-0.000674568,-6.56E-06,-0.000668011,0.887594844
49,11,ab49_amb_channel4_trial7_final_12_12_20_O2,166.9606561,-0.045750166,17.47545745,C7,60,amb,3.473733,599,4,17.5,final ,1.41E-05,1,0,3/26/21 13:00,3/26/21 13:30,-27.40434972,-0.000876939,-1.40E-05,-0.000862929,0.894296126
50,9,ab50_amb_channel1_trial6_final_12_12_20_O2,167.7791104,-0.050386364,17.457,C6,60,amb,4.215543,598,1,17.5,final ,1.51E-05,1,0,3/26/21 11:07,3/26/21 11:42,-30.13104545,-0.000964193,-1.01E-05,-0.000954139,0.814817884
52,17,ab52_hw_channel6_trial5_final_12_12_20_O2,148.2518008,-0.029925006,17.43547253,C5,60,hw,2.818311,616,6,17.5,final ,1.05E-05,1,0,3/26/21 9:21,3/26/21 9:51,-18.43380399,-0.000589882,-9.98E-07,-0.000588884,0.752216971
55,16,ab55_hw_channel10_trial1_final_12_11_20_O2,147.2635652,-0.034991039,17.39678161,C1,60,hw,3.083109,615,10,17.5,final ,1.23E-05,1,0,3/26/21 10:13,3/26/21 10:45,-21.51948908,-0.000688624,-2.05E-06,-0.000686574,0.801680317
56,11,ab56_amb_channel5_trial3_final_12_11_20_O2,204.0920798,-0.037266745,17.25352273,C3,60,amb,3.183582,610,5,17.5,final ,1.20E-05,1,0,3/26/21 13:34,3/26/21 14:04,-22.73271439,-0.000727447,-6.33E-06,-0.000721113,0.815435999
57,11,ab57_amb_channel9_trial8_final_12_12_20_O2,159.7437002,-0.035114591,17.38473171,C8,60,amb,3.081231,613,9,17.5,final ,1.27E-05,1,0,3/26/21 15:18,3/26/21 15:48,-21.5252445,-0.000688808,-1.73E-05,-0.000671538,0.784600786
59,5,ab59_amb_channel1_trial4_final_12_11_20_O2,150.105516,-0.03866327,17.45053012,C4,60,amb,3.099072,609,1,17.5,final ,1.36E-05,1,0,3/26/21 15:34,3/26/21 16:04,-23.54593137,-0.00075347,-6.56E-06,-0.000746912,0.867641463
60,16,ab60_hw_channel4_trial5_final_12_12_20_O2,190.8887498,-0.025435609,17.44996703,C5,60,hw,2.268057,620,4,17.5,final ,1.08E-05,1,0,3/26/21 9:21,3/26/21 9:51,-15.77007782,-0.000504642,-9.98E-07,-0.000503644,0.799415583
62,20,ab62_amb_channel3_trial4_final_12_11_20_O2,116.4192163,-0.053814663,17.54051807,C4,90,amb,7.967787,571,3,17.5,final ,1.28E-05,1,0,3/26/21 15:34,3/26/21 16:04,-30.72817229,-0.000983302,-6.56E-06,-0.000976744,0.441311687
63,10,ab63_amb_channel5_trial8_final_12_12_20_O2,96.88871568,-0.034942901,17.42346721,C8,90,amb,7.450398,579,5,17.5,final ,1.17E-05,1,0,3/26/21 15:18,3/26/21 15:48,-20.23193976,-0.000647422,-1.73E-05,-0.000630152,0.304486762
64,10,ab64_amb_channel6_trial7_final_12_12_20_O2,156.2564697,-0.051621025,17.47182105,C7,90,amb,6.681357,584,6,17.5,final ,1.35E-05,1,0,3/26/21 13:00,3/26/21 13:30,-30.14667851,-0.000964694,-1.40E-05,-0.000950684,0.512240588
66,3,ab66_amb_channel2_trial6_final_12_12_20_O2,166.1689318,-0.067976518,17.50111215,C6,90,amb,7.412838,569,2,17.5,final ,1.25E-05,1,0,3/26/21 11:07,3/26/21 11:42,-38.67863875,-0.001237716,-1.01E-05,-0.001227662,0.596206551
68,3,ab68_amb_channel2_trial3_final_12_11_20_O2,133.2832632,-0.043468815,17.3652625,C3,90,amb,7.27011,570,2,17.5,final ,1.30E-05,1,0,3/26/21 13:34,3/26/21 14:04,-24.77722474,-0.000792871,-6.33E-06,-0.000786537,0.38947622
69,3,ab69_amb_channel2_trial7_final_12_12_20_O2,127.3350921,-0.042773692,17.45291489,C7,90,amb,7.717074,613,2,17.5,final ,1.16E-05,1,0,3/26/21 13:00,3/26/21 13:30,-26.22027315,-0.000839049,-1.40E-05,-0.000825039,0.38487908
70,19,ab70_hw_channel7_trial5_final_12_12_20_O2,121.7180478,-0.046491292,17.55151648,C5,90,hw,7.363071,575,7,17.5,final ,1.22E-05,1,0,3/26/21 9:21,3/26/21 9:51,-26.73249291,-0.00085544,-9.98E-07,-0.000854442,0.417759156
71,19,ab71_hw_channel8_trial1_final_12_11_20_O2,107.3751879,-0.04040568,17.39250575,C1,90,hw,7.882338,577,8,17.5,final ,1.37E-05,1,0,3/26/21 10:13,3/26/21 10:45,-23.31407739,-0.00074605,-2.05E-06,-0.000744001,0.339798214
73,20,ab73_amb_channel8_trial8_final_12_12_20_O2,70.16829292,-0.023667007,17.50550407,C8,90,amb,8.116149,575,8,17.5,final ,1.27E-05,1,0,3/26/21 15:18,3/26/21 15:48,-13.60852882,-0.000435473,-1.73E-05,-0.000418203,0.185498149
74,3,ab74_amb_channel4_trial6_final_12_12_20_O2,175.7691554,-0.064504553,17.50231776,C6,90,amb,8.005347,577,4,17.5,final ,1.36E-05,1,0,3/26/21 11:07,3/26/21 11:42,-37.21912713,-0.001191012,-1.01E-05,-0.001180957,0.531075897
75,19,ab75_hw_channel5_trial1_final_12_11_20_O2,174.0100135,-0.065452889,17.30286207,C1,90,hw,8.073894,566,5,17.5,final ,1.37E-05,1,0,3/26/21 10:13,3/26/21 10:45,-37.04633538,-0.001185483,-2.05E-06,-0.001183433,0.527671096
76,3,ab76_amb_channel2_trial4_final_12_11_20_O2,72.42796393,-0.042267069,17.44873494,C4,90,amb,7.753695,568,2,17.5,final ,1.19E-05,1,0,3/26/21 15:34,3/26/21 16:04,-24.00769526,-0.000768246,-6.56E-06,-0.000761688,0.353647979
79,10,ab79_amb_channel7_trial3_final_12_11_20_O2,163.6180472,-0.062246261,17.51361364,C3,90,amb,7.207197,582,7,17.5,final ,1.22E-05,1,0,3/26/21 13:34,3/26/21 14:04,-36.22732416,-0.001159274,-6.33E-06,-0.001152941,0.575894681
81,10,ab81_amb_channel8_trial4_final_12_11_20_O2,178.4244319,-0.068291581,17.45119277,C4,90,amb,7.446642,575,8,17.5,final ,1.21E-05,1,0,3/26/21 15:34,3/26/21 16:04,-39.26765913,-0.001256565,-6.56E-06,-0.001250007,0.604302772
82,19,ab82_hw_channel8_trial5_final_12_12_20_O2,118.6973845,-0.046656347,17.45437363,C5,90,hw,7.503921,577,8,17.5,final ,1.41E-05,1,0,3/26/21 9:21,3/26/21 9:51,-26.92071218,-0.000861463,-9.98E-07,-0.000860465,0.412807276
83,20,ab83_amb_channel3_trial8_final_12_12_20_O2,63.01633783,-0.01910749,17.53259016,C8,90,amb,7.391241,576,3,17.5,final ,1.22E-05,1,0,3/26/21 15:18,3/26/21 15:48,-11.00591445,-0.000352189,-1.73E-05,-0.000334919,0.163126793
84,19,ab84_hw_channel2_trial1_final_12_11_20_O2,122.5185746,-0.058233132,17.40810345,C1,90,hw,7.497348,560,2,17.5,final ,1.17E-05,1,0,3/26/21 10:13,3/26/21 10:45,-32.61055419,-0.001043538,-2.05E-06,-0.001041488,0.500091299
85,20,ab85_amb_channel5_trial7_final_12_12_20_O2,116.1097392,-0.045097121,17.39348421,C7,90,amb,7.806279,577,5,17.5,final ,1.31E-05,1,0,3/26/21 13:00,3/26/21 13:30,-26.02103859,-0.000832673,-1.40E-05,-0.000818663,0.377540762
87,10,ab87_amb_channel5_trial6_final_12_12_20_O2,160.5563813,-0.056054164,17.35588785,C6,90,amb,7.830693,582,5,17.5,final ,1.24E-05,1,0,3/26/21 11:07,3/26/21 11:42,-32.62352361,-0.001043953,-1.01E-05,-0.001033898,0.4753134
88,20,ab88_amb_channel1_trial3_final_12_11_20_O2,137.3450567,-0.069623237,17.377725,C3,90,amb,8.515224,564,1,17.5,final ,1.31E-05,1,0,3/26/21 13:34,3/26/21 14:04,-39.26750543,-0.00125656,-6.33E-06,-0.001250226,0.528560998
1,8,ab1_hw_channel10_Trial1_posthw_11_24_20_O2,191.4465816,-0.00499708,21.13640217,B1,30,hw,0.401325,631,10,21,posthw,1.36E-05,1,0,3/26/21 13:30,3/26/21 14:00,-3.153157674,-0.000100901,8.41E-08,-0.000100985,0.905865515
2,15,ab2_hw_channel3_Trial1_posthw_11_24_20_O2,186.5287217,-0.007492154,21.22635644,B1,30,hw,0.683964,633,3,21,posthw,1.17E-05,1,0,3/26/21 13:30,3/26/21 14:00,-4.742533332,-0.000151761,8.41E-08,-0.000151845,0.799227085
3,7,ab3_amb_channel2_Trial9_posthw_11_25_20_O2,180.1975644,-0.015602632,17.45141053,B9,30,amb,1.090551,624,2,17.5,posthw,1.24E-05,1,0,3/26/21 20:50,3/26/21 21:20,-9.73604264,-0.000311553,-5.16E-05,-0.000260002,0.858288696
5,14,ab5_amb_channel9_Trial3_posthw_11_24_20_O2,206.5926355,-0.012347841,17.32416667,B3,30,amb,0.783498,635,9,17.5,posthw,1.68E-05,1,0,3/26/21 17:33,3/26/21 18:06,-7.840878845,-0.000250908,-2.48E-05,-0.000226089,1.038827241
6,18,ab6_amb_channel10_Trial9_posthw_11_25_20_O2,183.5198731,-0.013629488,17.65921277,B9,30,amb,0.970359,626,10,17.5,posthw,1.31E-05,1,0,3/26/21 20:50,3/26/21 21:20,-8.532059431,-0.000273026,-5.16E-05,-0.000221475,0.821663662
7,18,ab7_amb_channel7_Trial8_posthw_11_25_20_O2,187.742272,-0.00959358,17.48104969,B8,30,amb,0.68772,631,7,17.5,posthw,1.38E-05,1,0,3/26/21 17:21,3/26/21 17:51,-6.053549193,-0.000193714,-2.92E-05,-0.000164521,0.861213978
8,15,ab8_hw_channel7_Trial2_posthw_11_24_20_O2,179.107416,-0.011161519,21.19987654,B2,30,hw,1.036089,630,7,21,posthw,1.29E-05,1,0,3/26/21 15:32,3/26/21 16:02,-7.031757143,-0.000225016,-7.28E-06,-0.000217741,0.756563104
9,14,ab9_amb_channel8_Trial3_posthw_11_24_20_O2,226.4200943,-0.008310692,17.49708911,B3,30,amb,0.544053,636,8,17.5,posthw,1.45E-05,1,0,3/26/21 17:33,3/26/21 18:06,-5.285600308,-0.000169139,-2.48E-05,-0.00014432,0.954963907
11,8,ab11_hw_channel3_Trial5_posthw_11_25_20_O2,187.4885446,-0.005616071,21.12773786,B5,30,hw,0.559077,639,3,21,posthw,1.36E-05,0,0,3/26/21 11:15,3/26/21 11:45,-3.588669643,-0.000114837,2.11E-06,-0.000116943,0.753019821
12,18,ab12_amb_channel2_Trial4_posthw_11_24_20_O2,206.7527765,-0.014655256,17.39183908,B4,30,amb,0.96942,625,2,17.5,posthw,1.34E-05,1,0,3/26/21 19:32,3/26/21 20:02,-9.15953521,-0.000293105,-1.43E-05,-0.000278847,1.035515654
14,14,ab14_amb_channel7_Trial7_posthw_11_25_20_O2,194.6984102,-0.009752696,17.58058407,B7,30,amb,0.694293,634,7,17.5,posthw,1.29E-05,1,0,3/26/21 15:04,3/26/21 15:34,-6.183209402,-0.000197863,-1.35E-05,-0.000184379,0.956027317
17,15,ab17_hw_channel5_Trial2_posthw_11_24_20_O2,206.3063071,-0.007381106,20.99662963,B2,30,hw,0.491469,638,5,21,posthw,1.30E-05,1,0,3/26/21 15:32,3/26/21 16:02,-4.709145435,-0.000150693,-7.28E-06,-0.000143417,1.050527788
18,14,ab18_amb_channel1_Trial7_posthw_11_25_20_O2,217.1144214,-0.014042777,17.47824779,B7,30,amb,0.932799,631,1,17.5,posthw,1.44E-05,1,0,3/26/21 15:04,3/26/21 15:34,-8.860992129,-0.000283552,-1.35E-05,-0.000270068,1.042286327
19,7,ab19_amb_channel3_Trial8_posthw_11_25_20_O2,195.7598753,-0.008367533,17.5439441,B8,30,amb,0.517761,638,3,17.5,posthw,1.50E-05,1,0,3/26/21 17:21,3/26/21 17:51,-5.338485786,-0.000170832,-2.92E-05,-0.000141639,0.984814948
20,8,ab20_hw_channel3_Trial2_posthw_11_24_20_O2,185.9176682,-0.008811979,21.29751852,B2,30,hw,0.907446,632,3,21,posthw,1.32E-05,1,0,3/26/21 15:32,3/26/21 16:02,-5.569170468,-0.000178213,-7.28E-06,-0.000170938,0.678141427
21,7,ab21_amb_channel7_Trial9_posthw_11_25_20_O2,183.6661182,-0.007669151,17.61970526,B9,30,amb,0.532785,633,7,17.5,posthw,1.30E-05,1,0,3/26/21 20:50,3/26/21 21:20,-4.854572321,-0.000155346,-5.16E-05,-0.000103795,0.701337715
22,15,ab22_hw_channel5_Trial5_posthw_11_25_20_O2,205.3311137,-0.01165563,20.91529126,B5,30,hw,0.917775,630,5,21,posthw,1.39E-05,1,0,3/26/21 11:15,3/26/21 11:45,-7.343047091,-0.000234978,2.11E-06,-0.000237083,0.92996687
23,8,ab23_hw_channel5_Trial1_posthw_11_24_20_O2,212.1529739,-0.005958906,21.00243564,B1,30,hw,0.475506,635,5,21,posthw,1.24E-05,1,0,3/26/21 13:30,3/26/21 14:00,-3.783905089,-0.000121085,8.41E-08,-0.000121169,0.917356627
24,15,ab24_hw_channel9_Trial5_posthw_11_25_20_O2,205.8757469,-0.013968919,21.1088932,B5,30,hw,0.968481,634,9,21,posthw,1.40E-05,1,0,3/26/21 11:15,3/26/21 11:45,-8.856294885,-0.000283401,2.11E-06,-0.000285507,1.061276876
25,14,ab25_amb_channel2_Trial3_posthw_11_24_20_O2,214.2540451,-0.013093876,17.41134951,B3,30,amb,0.702744,626,2,17.5,posthw,1.59E-05,1,0,3/26/21 17:33,3/26/21 18:06,-8.196766506,-0.000262297,-2.48E-05,-0.000237477,1.21654162
26,7,ab26_amb_channel4_Trial8_posthw_11_25_20_O2,219.2588151,-0.006473436,17.41636095,B8,30,amb,0.851106,632,4,17.5,posthw,1.36E-05,1,0,3/26/21 17:21,3/26/21 17:51,-4.091211581,-0.000130919,-2.92E-05,-0.000101726,0.430278701
27,7,ab27_amb_channel8_Trial4_posthw_11_24_20_O2,222.3126908,-0.009142679,17.48241379,B4,30,amb,0.595698,635,8,17.5,posthw,1.29E-05,1,0,3/26/21 19:32,3/26/21 20:02,-5.805600911,-0.000185779,-1.43E-05,-0.000171521,1.036559388
29,18,ab29_amb_channel1_Trial4_posthw_11_24_20_O2,223.0834656,-0.009352843,17.40102299,B4,30,amb,0.547809,630,1,17.5,posthw,1.39E-05,1,0,3/26/21 19:32,3/26/21 20:02,-5.892290957,-0.000188553,-1.43E-05,-0.000174295,1.14540478
30,18,ab30_amb_channel4_Trial7_posthw_11_25_20_O2,217.2501968,-0.011991225,17.33588496,B7,30,amb,0.720585,628,4,17.5,posthw,1.49E-05,1,0,3/26/21 15:04,3/26/21 15:34,-7.530489231,-0.000240976,-1.35E-05,-0.000227492,1.136534496
31,5,ab31_amb_channel1_Trial8_posthw_11_25_20_O2,164.9819556,-0.024752249,17.40387578,B8,60,amb,3.054939,610,1,17.5,posthw,1.16E-05,1,0,3/26/21 17:21,3/26/21 17:51,-15.09887209,-0.000483164,-2.92E-05,-0.000453971,0.534968218
33,9,ab33_amb_channel7_Trial3_posthw_11_24_20_O2,172.4804929,-0.022448964,17.353,B3,60,amb,2.661498,612,7,17.5,posthw,1.12E-05,1,0,3/26/21 17:33,3/26/21 18:06,-13.738766,-0.000439641,-2.48E-05,-0.000414821,0.561095919
34,5,ab34_amb_channel5_Trial7_posthw_11_25_20_O2,202.1689661,-0.029369144,17.47270796,B7,60,amb,2.987331,615,5,17.5,posthw,9.62E-06,1,0,3/26/21 15:04,3/26/21 15:34,-18.06202342,-0.000577985,-1.35E-05,-0.000564501,0.680273612
35,11,ab35_amb_channel6_Trial4_posthw_11_24_20_O2,171.492739,-0.024745353,17.37021839,B4,60,amb,2.661498,615,6,17.5,posthw,1.18E-05,1,0,3/26/21 19:32,3/26/21 20:02,-15.21839214,-0.000486989,-1.43E-05,-0.000472731,0.63942558
36,5,ab36_amb_channel4_Trial9_posthw_11_25_20_O2,154.4694648,-0.023167173,17.41931579,B9,60,amb,2.912211,616,4,17.5,posthw,1.04E-05,1,0,3/26/21 20:50,3/26/21 21:20,-14.27097872,-0.000456671,-5.16E-05,-0.00040512,0.500798957
37,9,ab37_amb_channel3_Trial7_posthw_11_25_20_O2,188.4813699,-0.031932925,17.50274336,B7,60,amb,3.115035,608,3,17.5,posthw,1.12E-05,1,0,3/26/21 15:04,3/26/21 15:34,-19.41521823,-0.000621287,-1.35E-05,-0.000607803,0.702428862
38,17,ab38_hw_channel1_Trial6_posthw_11_25_20_O2,206.185615,-0.020695004,21.14356098,B6,60,hw,2.587317,614,1,21,posthw,1.19E-05,0,0,3/26/21 12:46,3/26/21 13:16,-12.70673274,-0.000406615,-8.20E-06,-0.000398411,0.554349748
39,17,ab39_hw_channel1_Trial2_posthw_11_24_20_O2,190.8634589,-0.021462208,21.23891358,B2,60,hw,2.550696,610,1,21,posthw,1.31E-05,1,0,3/26/21 15:32,3/26/21 16:02,-13.09194697,-0.000418942,-7.28E-06,-0.000411667,0.581018114
40,16,ab40_hw_channel9_Trial2_posthw_11_24_20_O2,170.6388077,-0.02949328,21.09983951,B2,60,hw,2.853054,616,9,21,posthw,1.22E-05,1,0,3/26/21 15:32,3/26/21 16:02,-18.16786047,-0.000581372,-7.28E-06,-0.000574096,0.72439772
41,16,ab41_hw_channel4_Trial1_posthw_11_24_20_O2,203.0945522,-0.02344305,21.12077228,B1,60,hw,2.801409,616,4,21,posthw,1.25E-05,1,0,3/26/21 13:30,3/26/21 14:00,-14.44091904,-0.000462109,8.41E-08,-0.000462193,0.593949897
42,5,ab42_amb_channel9_Trial4_posthw_11_24_20_O2,179.9275274,-0.036908949,17.3402069,B4,60,amb,3.064329,614,9,17.5,posthw,1.23E-05,1,0,3/26/21 19:32,3/26/21 20:02,-22.66209473,-0.000725187,-1.43E-05,-0.000710929,0.835205503
43,16,ab43_hw_channel10_Trial5_posthw_11_25_20_O2,195.0444442,-0.030057898,21.10022549,B5,60,hw,3.22302,614,10,21,posthw,1.36E-05,1,0,3/26/21 11:15,3/26/21 11:45,-18.45554915,-0.000590578,2.11E-06,-0.000592683,0.662006622
45,17,ab45_hw_channel8_Trial1_posthw_11_24_20_O2,201.9966002,-0.018396522,21.12823711,B1,60,hw,2.707509,610,8,21,posthw,1.30E-05,0,0,3/26/21 13:30,3/26/21 14:00,-11.22187826,-0.0003591,8.41E-08,-0.000359184,0.477584041
46,9,ab46_amb_channel8_Trial9_posthw_11_25_20_O2,165.2570847,-0.026159374,17.49556842,B9,60,amb,3.261519,610,8,17.5,posthw,1.35E-05,1,0,3/26/21 20:50,3/26/21 21:20,-15.95721792,-0.000510631,-5.16E-05,-0.00045908,0.506723091
47,11,ab47_amb_channel9_Trial7_posthw_11_25_20_O2,186.7124553,-0.027290093,17.384,B7,60,amb,3.609888,605,9,17.5,posthw,1.42E-05,1,0,3/26/21 15:04,3/26/21 15:34,-16.51050599,-0.000528336,-1.35E-05,-0.000514852,0.513441869
48,9,ab48_amb_channel4_Trial4_posthw_11_24_20_O2,200.4910144,-0.031171864,17.34165517,B4,60,amb,2.486844,613,4,17.5,posthw,1.16E-05,1,0,3/26/21 19:32,3/26/21 20:02,-19.10835281,-0.000611467,-1.43E-05,-0.000597209,0.864530856
49,11,ab49_amb_channel1_Trial9_posthw_11_25_20_O2,123.1645026,-0.023868238,17.4692,B9,60,amb,3.198606,605,1,17.5,posthw,1.33E-05,1,0,3/26/21 20:50,3/26/21 21:20,-14.44028381,-0.000462089,-5.16E-05,-0.000410538,0.462056339
50,9,ab50_amb_channel3_Trial3_posthw_11_24_20_O2,182.3630158,-0.026916347,17.40969903,B3,60,amb,4.249347,600,3,17.5,posthw,1.44E-05,1,0,3/26/21 17:33,3/26/21 18:06,-16.14980814,-0.000516794,-2.48E-05,-0.000491974,0.416795268
52,17,ab52_hw_channel8_Trial5_posthw_11_25_20_O2,192.5873604,-0.024151786,21.21384466,B5,60,hw,2.792958,615,8,21,posthw,1.04E-05,1,0,3/26/21 11:15,3/26/21 11:45,-14.85334839,-0.000475307,2.11E-06,-0.000477413,0.615364447
55,16,ab55_hw_channel1_Trial5_posthw_11_25_20_O2,200.5619172,-0.032042399,20.99445192,B5,60,hw,2.838969,610,1,21,posthw,1.17E-05,1,0,3/26/21 11:15,3/26/21 11:45,-19.54586331,-0.000625468,2.11E-06,-0.000627574,0.795804664
56,11,ab56_amb_channel5_Trial8_posthw_11_25_20_O2,242.9793824,-0.035445016,17.27998758,B8,60,amb,3.102828,614,5,17.5,posthw,1.26E-05,1,0,3/26/21 17:21,3/26/21 17:51,-21.76324003,-0.000696424,-2.92E-05,-0.000667231,0.774142318
57,11,ab57_amb_channel4_Trial3_posthw_11_24_20_O2,195.6398158,-0.024142939,17.46231959,B3,60,amb,3.112218,617,4,17.5,posthw,1.32E-05,1,0,3/26/21 17:33,3/26/21 18:06,-14.89619321,-0.000476678,-2.48E-05,-0.000451859,0.522679093
58,12,ab58_hw_channel9_Trial1_posthw_11_24_20_O2,198.8005287,-0.008863542,21.06881915,B1,60,hw,3.029586,611,9,21,posthw,1.44E-05,0,0,3/26/21 13:30,3/26/21 14:00,-5.415623912,-0.0001733,8.41E-08,-0.000173384,0.206029005
59,5,ab59_amb_channel6_Trial8_posthw_11_25_20_O2,170.0774416,-0.020688091,17.37920497,B8,60,amb,2.59389,621,6,17.5,posthw,1.19E-05,1,0,3/26/21 17:21,3/26/21 17:51,-12.84730424,-0.000411114,-2.92E-05,-0.000381921,0.530058969
60,16,ab60_hw_channel2_Trial2_posthw_11_24_20_O2,178.8498661,-0.025054238,21.2062963,B2,60,hw,2.347872,611,2,21,posthw,1.16E-05,1,0,3/26/21 15:32,3/26/21 16:02,-15.30813972,-0.00048986,-7.28E-06,-0.000482585,0.739949189
61,4,ab61_hw_channel6_Trial1_posthw_11_24_20_O2,117.7579078,-0.02416322,21.239125,B1,90,hw,7.790316,573,6,21,posthw,1.36E-05,0,0,3/26/21 13:30,3/26/21 14:00,-13.84552485,-0.000443057,8.41E-08,-0.000443141,0.204780804
62,20,ab62_amb_channel3_Trial9_posthw_11_25_20_O2,63.85085036,-0.020823832,17.50276842,B9,90,amb,8.023188,575,3,17.5,posthw,1.29E-05,1,0,3/26/21 20:50,3/26/21 21:20,-11.97370319,-0.000383159,-5.16E-05,-0.000331607,0.148791988
63,10,ab63_amb_channel2_Trial7_posthw_11_25_20_O2,145.624226,-0.037128094,17.50490265,B7,90,amb,8.755608,559,2,17.5,posthw,1.38E-05,1,0,3/26/21 15:04,3/26/21 15:34,-20.7546045,-0.000664147,-1.35E-05,-0.000650663,0.267529998
64,10,ab64_amb_channel8_Trial7_posthw_11_25_20_O2,160.2600048,-0.042493105,17.52447788,B7,90,amb,7.661673,574,8,17.5,posthw,1.60E-05,1,0,3/26/21 15:04,3/26/21 15:34,-24.39104229,-0.000780513,-1.35E-05,-0.000767029,0.360405021
66,3,ab66_amb_channel10_Trial7_posthw_11_25_20_O2,142.2127704,-0.032920651,17.47415044,B7,90,amb,7.071042,579,10,17.5,posthw,1.18E-05,1,0,3/26/21 15:04,3/26/21 15:34,-19.06105679,-0.000609954,-1.35E-05,-0.00059647,0.303673927
68,3,ab68_amb_channel5_Trial3_posthw_11_24_20_O2,150.9738744,-0.041415467,17.39936458,B3,90,amb,7.168698,577,5,17.5,posthw,1.27E-05,1,0,3/26/21 17:33,3/26/21 18:06,-23.89672445,-0.000764695,-2.48E-05,-0.000739876,0.371553172
69,3,ab69_amb_channel1_Trial3_posthw_11_24_20_O2,114.1324956,-0.032927611,17.45197938,B3,90,amb,8.981907,567,1,17.5,posthw,1.36E-05,1,0,3/26/21 17:33,3/26/21 18:06,-18.66995536,-0.000597439,-2.48E-05,-0.000572619,0.229509021
70,19,ab70_hw_channel8_Trial2_posthw_11_24_20_O2,148.954885,-0.054919327,21.1948642,B2,90,hw,7.426923,576,8,21,posthw,1.27E-05,1,0,3/26/21 15:32,3/26/21 16:02,-31.63353208,-0.001012273,-7.28E-06,-0.001004998,0.487145374
71,19,ab71_hw_channel1_Trial1_posthw_11_24_20_O2,184.967117,-0.035490502,21.25945745,B1,90,hw,7.819425,557,1,21,posthw,1.38E-05,1,0,3/26/21 13:30,3/26/21 14:00,-19.7682095,-0.000632583,8.41E-08,-0.000632667,0.291274672
72,4,ab72_hw_channel4_Trial6_posthw_11_25_20_O2,204.9334533,-0.013201462,21.11591463,B6,90,hw,7.684209,566,4,21,posthw,1.28E-05,0,0,3/26/21 12:46,3/26/21 13:16,-7.472027747,-0.000239105,-8.20E-06,-0.0002309,0.108175157
73,20,ab73_amb_channel3_Trial4_posthw_11_24_20_O2,140.709372,-0.042294071,17.42987356,B4,90,amb,8.082345,570,3,17.5,posthw,1.27E-05,1,0,3/26/21 19:32,3/26/21 20:02,-24.10762055,-0.000771444,-1.43E-05,-0.000757186,0.337262146
74,3,ab74_amb_channel5_Trial4_posthw_11_24_20_O2,150.4825724,-0.051654197,17.36063218,B4,90,amb,8.502078,572,5,17.5,posthw,1.50E-05,1,0,3/26/21 19:32,3/26/21 20:02,-29.54620047,-0.000945478,-1.43E-05,-0.00093122,0.394302831
75,19,ab75_hw_channel6_Trial2_posthw_11_24_20_O2,130.2829214,-0.032633554,21.08062963,B2,90,hw,7.505799,572,6,21,posthw,1.28E-05,1,0,3/26/21 15:32,3/26/21 16:02,-18.66639289,-0.000597325,-7.28E-06,-0.000590049,0.283004747
76,3,ab76_amb_channel7_Trial4_posthw_11_24_20_O2,151.3729449,-0.047106388,17.45304598,B4,90,amb,7.987506,570,7,17.5,posthw,1.23E-05,1,0,3/26/21 19:32,3/26/21 20:02,-26.85064133,-0.000859221,-1.43E-05,-0.000844963,0.380827884
78,4,ab78_hw_channel7_Trial1_posthw_11_24_20_O2,173.1446746,-0.011011698,21.2625625,B1,90,hw,7.475751,575,7,21,posthw,1.20E-05,0,0,3/26/21 13:30,3/26/21 14:00,-6.3317262,-0.000202615,8.41E-08,-0.000202699,0.097611273
79,10,ab79_amb_channel6_Trial9_posthw_11_25_20_O2,84.92320632,-0.026608201,17.57942105,B9,90,amb,7.368705,580,6,17.5,posthw,1.25E-05,1,0,3/26/21 20:50,3/26/21 21:20,-15.43275673,-0.000493848,-5.16E-05,-0.000442297,0.216085331
80,4,ab80_hw_channel10_Trial2_posthw_11_24_20_O2,126.224585,-0.029717422,21.223575,B2,90,hw,7.428801,575,10,21,posthw,1.33E-05,0,0,3/26/21 15:32,3/26/21 16:02,-17.08751742,-0.000546801,-7.28E-06,-0.000539525,0.261454075
81,10,ab81_amb_channel9_Trial8_posthw_11_25_20_O2,217.8055104,-0.056404112,17.30213665,B8,90,amb,7.427862,578,9,17.5,posthw,1.31E-05,1,0,3/26/21 17:21,3/26/21 17:51,-32.60157651,-0.00104325,-2.92E-05,-0.001014057,0.491474778
82,19,ab82_hw_channel2_Trial5_posthw_11_25_20_O2,144.6966863,-0.033091735,21.04241346,B5,90,hw,7.187478,573,2,21,posthw,1.36E-05,1,0,3/26/21 11:15,3/26/21 11:45,-18.96156427,-0.00060677,2.11E-06,-0.000608876,0.30496838
83,20,ab83_amb_channel5_Trial9_posthw_11_25_20_O2,84.47589142,-0.03010558,17.30248421,B9,90,amb,7.910508,573,5,17.5,posthw,1.30E-05,1,0,3/26/21 20:50,3/26/21 21:20,-17.25049716,-0.000552016,-5.16E-05,-0.000500465,0.227756897
84,19,ab84_hw_channel2_Trial6_posthw_11_25_20_O2,159.9808701,-0.048488823,21.11973171,B6,90,hw,7.765902,565,2,21,posthw,1.19E-05,1,0,3/26/21 12:46,3/26/21 13:16,-27.39618506,-0.000876678,-8.20E-06,-0.000868473,0.402593728
85,20,ab85_amb_channel6_Trial3_posthw_11_24_20_O2,106.6769841,-0.041278175,17.51563542,B3,90,amb,8.026944,571,6,17.5,posthw,1.33E-05,1,0,3/26/21 17:33,3/26/21 18:06,-23.56983808,-0.000754235,-2.48E-05,-0.000729415,0.327135105
86,6,ab86_hw_channel6_Trial5_posthw_11_25_20_O2,179.7286384,-0.007897404,21.04995146,B5,90,hw,7.733037,575,6,21,posthw,1.20E-05,0,0,3/26/21 11:15,3/26/21 11:45,-4.541007167,-0.000145312,2.11E-06,-0.000147418,0.068628321
87,10,ab87_amb_channel10_Trial8_posthw_11_25_20_O2,121.2847322,-0.035646324,17.31324845,B8,90,amb,7.253208,585,10,17.5,posthw,1.15E-05,1,0,3/26/21 17:21,3/26/21 17:51,-20.85309951,-0.000667299,-2.92E-05,-0.000638106,0.316712588
88,20,ab88_amb_channel2_Trial8_posthw_11_25_20_O2,200.3085447,-0.066112728,17.37227329,B8,90,amb,8.520858,565,2,17.5,posthw,1.34E-05,1,0,3/26/21 17:21,3/26/21 17:51,-37.35369136,-0.001195318,-2.92E-05,-0.001166125,0.492679312
89,4,ab89_hw_channel4_Trial5_posthw_11_25_20_O2,205.9671961,-0.023460212,21.16180583,B5,90,hw,7.442886,579,4,21,posthw,1.33E-05,0,0,3/26/21 11:15,3/26/21 11:45,-13.58346272,-0.000434671,2.11E-06,-0.000436777,0.21126163
1,8,ab1_hw_channel3_Trial11_prehw_10_30_20_O2,176.8898442,-0.004852255,17.57106977,A11,30,hw,0.346863,623,3,17.5,prehw,1.50E-05,1,0,3/26/21 20:11,3/26/21 20:41,-3.022954776,-9.67E-05,-1.89E-05,-7.78E-05,0.80779858
2,15,ab2_hw_channel7_Trial9_prehw_10_30_20_O2,182.009919,-0.007726549,17.63535,A9,30,hw,0.629502,625,7,17.5,prehw,1.24E-05,1,0,3/26/21 15:54,3/26/21 16:24,-4.829093432,-0.000154531,-2.07E-05,-0.00013386,0.765519998
3,7,ab3_amb_channel9_Trial10_prehw_10_30_20_O2,174.7540179,-0.014707766,17.40747312,A10,30,amb,0.932799,623,9,17.5,prehw,1.46E-05,1,0,3/26/21 17:44,3/26/21 18:14,-9.162938475,-0.000293214,-2.61E-05,-0.000267072,1.030726826
4,13,ab4_hw_channel2_Trial1_prehw_10_29_20_O2,211.8538637,-0.01262087,17.45665823,A1,30,hw,0.85674,623,2,17.5,prehw,1.39E-05,0,0,3/26/21 9:20,3/26/21 9:50,-7.862801903,-0.00025161,1.21E-05,-0.000263662,1.107901953
5,14,ab5_amb_channel4_Trial11_prehw_10_30_20_O2,201.1387414,-0.010824061,17.5235,A11,30,amb,0.643587,625,4,17.5,prehw,1.42E-05,1,0,3/26/21 20:11,3/26/21 20:41,-6.765038159,-0.000216481,-1.89E-05,-0.000197579,1.105186159
6,18,ab6_amb_channel7_Trial10_prehw_10_30_20_O2,165.9590704,-0.009251357,17.5626383,A10,30,amb,0.768474,623,7,17.5,prehw,1.29E-05,1,0,3/26/21 17:44,3/26/21 18:14,-5.763595701,-0.000184435,-2.61E-05,-0.000158294,0.741543195
7,18,ab7_amb_channel7_Trial7_prehw_10_30_20_O2,195.2203759,-0.009957184,17.63844828,A7,30,amb,0.602271,625,7,17.5,prehw,1.66E-05,1,0,3/26/21 11:35,3/26/21 12:05,-6.223239918,-0.000199144,-5.69E-05,-0.000142288,0.850510975
8,15,ab8_hw_channel8_Trial3_prehw_10_29_20_O2,199.9512986,-0.013275195,17.59873494,A3,30,hw,0.902751,627,8,17.5,prehw,1.56E-05,1,0,3/26/21 14:12,3/26/21 14:42,-8.323547143,-0.000266354,5.52E-08,-0.000266409,1.062387488
9,14,ab9_amb_channel6_Trial1_prehw_10_29_20_O2,187.2400415,-0.005426285,17.47012658,A1,30,amb,0.451092,628,6,17.5,prehw,1.44E-05,1,0,3/26/21 9:20,3/26/21 9:50,-3.407707292,-0.000109047,1.21E-05,-0.000121099,0.96644813
10,13,ab10_hw_channel9_Trial6_prehw_10_30_20_O2,206.1812789,-0.009085234,17.43980233,A6,30,hw,0.708378,625,9,17.5,prehw,1.31E-05,0,0,3/26/21 9:42,3/26/21 10:12,-5.678271309,-0.000181705,-2.25E-05,-0.000159209,0.809106393
11,8,ab11_hw_channel3_Trial5_prehw_10_29_20_O2,190.611524,-0.006836066,17.60840506,A5,30,hw,0.479262,627,3,17.5,prehw,1.35E-05,0,0,3/26/21 18:36,3/26/21 19:06,-4.286213115,-0.000137159,-1.13E-05,-0.00012582,0.945101742
12,18,ab12_amb_channel10_Trial3_prehw_10_29_20_O2,189.9744898,-0.00929812,17.62540964,A3,30,amb,0.775986,628,10,17.5,prehw,1.37E-05,1,0,3/26/21 14:12,3/26/21 14:42,-5.839219415,-0.000186855,5.52E-08,-0.00018691,0.867124939
13,13,ab13_hw_channel3_Trial6_prehw_10_30_20_O2,183.9106162,-0.009966731,17.62212791,A6,30,hw,0.924348,615,3,17.5,prehw,1.45E-05,0,0,3/26/21 9:42,3/26/21 10:12,-6.129539855,-0.000196145,-2.25E-05,-0.00017365,0.676302978
14,14,ab14_amb_channel7_Trial5_prehw_10_29_20_O2,185.8739586,-0.009752576,17.57138462,A5,30,amb,0.591003,630,7,17.5,prehw,1.38E-05,1,0,3/26/21 18:36,3/26/21 19:06,-6.144122727,-0.000196612,-1.13E-05,-0.000185273,1.128560327
15,8,ab15_hw_channel7_Trial8_prehw_10_30_20_O2,187.1284474,-0.011057863,17.58131707,A8,30,hw,0.859557,625,7,17.5,prehw,1.32E-05,0,0,3/26/21 13:45,3/26/21 14:15,-6.911164411,-0.000221157,-2.61E-05,-0.000195055,0.816931845
16,13,ab16_hw_channel10_Trial4_prehw_10_29_20_O2,200.114554,-0.008500177,17.52055172,A4,30,hw,0.691476,631,10,17.5,prehw,1.46E-05,0,0,3/26/21 16:38,3/26/21 17:08,-5.363611814,-0.000171636,-8.67E-06,-0.000162961,0.848418365
17,15,ab17_hw_channel8_Trial9_prehw_10_30_20_O2,202.295678,-0.010139342,17.53464198,A9,30,hw,0.439824,628,8,17.5,prehw,1.49E-05,1,0,3/26/21 15:54,3/26/21 16:24,-6.367506536,-0.00020376,-2.07E-05,-0.000183089,1.498602985
18,14,ab18_amb_channel5_Trial5_prehw_10_29_20_O2,202.6384814,-0.011505657,17.43065385,A5,30,amb,0.729975,626,5,17.5,prehw,1.41E-05,1,0,3/26/21 18:36,3/26/21 19:06,-7.20254101,-0.000230481,-1.13E-05,-0.000219142,1.080738826
19,7,ab19_amb_channel1_Trial8_prehw_10_30_20_O2,212.9224534,-0.010657081,17.58730864,A8,30,amb,0.449214,625,1,17.5,prehw,1.51E-05,1,0,3/26/21 13:45,3/26/21 14:15,-6.660675726,-0.000213142,-2.61E-05,-0.00018704,1.498936342
20,8,ab20_hw_channel9_Trial3_prehw_10_29_20_O2,208.3213076,-0.011495073,17.44668675,A3,30,hw,0.714951,619,9,17.5,prehw,1.32E-05,1,0,3/26/21 14:12,3/26/21 14:42,-7.11544997,-0.000227694,5.52E-08,-0.00022775,1.146789882
21,7,ab21_amb_channel2_Trial10_prehw_10_30_20_O2,189.5469955,-0.006522515,17.53655319,A10,30,amb,0.456726,619,2,17.5,prehw,1.36E-05,1,0,3/26/21 17:44,3/26/21 18:14,-4.037437069,-0.000129198,-2.61E-05,-0.000103056,0.812310205
22,15,ab22_hw_channel10_Trial7_prehw_10_30_20_O2,175.5879144,-0.015646612,17.57651724,A7,30,hw,0.879276,625,10,17.5,prehw,1.43E-05,1,0,3/26/21 11:35,3/26/21 12:05,-9.779132653,-0.000312932,-5.69E-05,-0.000256077,1.048450018
23,8,ab23_hw_channel5_Trial1_prehw_10_29_20_O2,219.9679739,-0.007876126,17.33503797,A1,30,hw,0.4248,629,5,17.5,prehw,1.43E-05,1,0,3/26/21 9:20,3/26/21 9:50,-4.954083419,-0.000158531,1.21E-05,-0.000170583,1.445620409
24,15,ab24_hw_channel6_Trial8_prehw_10_30_20_O2,165.5863678,-0.01331856,17.55716049,A8,30,hw,0.843594,633,6,17.5,prehw,1.34E-05,1,0,3/26/21 13:45,3/26/21 14:15,-8.430648464,-0.000269781,-2.61E-05,-0.000243679,1.039888915
25,14,ab25_amb_channel7_Trial11_prehw_10_30_20_O2,169.7301461,-0.007729882,17.55730233,A11,30,amb,0.516822,627,7,17.5,prehw,1.39E-05,1,0,3/26/21 20:11,3/26/21 20:41,-4.846636106,-0.000155092,-1.89E-05,-0.00013619,0.948650654
26,7,ab26_amb_channel6_Trial7_prehw_10_30_20_O2,169.4151265,-0.010203376,17.55595402,A7,30,amb,0.75345,618,6,17.5,prehw,1.25E-05,1,0,3/26/21 11:35,3/26/21 12:05,-6.3056861,-0.000201782,-5.69E-05,-0.000144927,0.692462533
27,7,ab27_amb_channel1_Trial4_prehw_10_29_20_O2,209.4017279,-0.008353259,17.56758427,A4,30,amb,0.523395,631,1,17.5,prehw,1.41E-05,1,0,3/26/21 16:38,3/26/21 17:08,-5.270906404,-0.000168669,-8.67E-06,-0.000159995,1.100471487
28,13,ab28_hw_channel4_Trial9_prehw_10_30_20_O2,180.3060667,-0.010751178,17.50475309,A9,30,hw,0.622929,620,4,17.5,prehw,1.41E-05,0,0,3/26/21 15:54,3/26/21 16:24,-6.665730655,-0.000213303,-2.07E-05,-0.000192632,1.113252036
29,18,ab29_amb_channel2_Trial4_prehw_10_29_20_O2,203.8230662,-0.007451746,17.54314607,A4,30,amb,0.464238,618,2,17.5,prehw,1.44E-05,1,0,3/26/21 16:38,3/26/21 17:08,-4.605179048,-0.000147366,-8.67E-06,-0.000138692,1.07550326
30,18,ab30_amb_channel10_Trial6_prehw_10_30_20_O2,196.1359845,-0.00620052,17.56515294,A6,30,amb,0.53748,630,10,17.5,prehw,1.33E-05,1,0,3/26/21 9:42,3/26/21 10:12,-3.906327828,-0.000125002,-2.25E-05,-0.000102507,0.686584207
31,5,ab31_amb_channel5_Trial8_prehw_10_30_20_O2,154.7289304,-0.029398014,17.46555556,A8,60,amb,2.699058,605,5,17.5,prehw,1.10E-05,1,0,3/26/21 13:45,3/26/21 14:15,-17.78579843,-0.000569146,-2.61E-05,-0.000543044,0.724310973
32,17,ab32_hw_channel7_Trial3_prehw_10_29_20_O2,130.5325965,-0.025873414,17.60637349,A3,60,hw,2.721594,605,7,17.5,prehw,1.51E-05,0,0,3/26/21 14:12,3/26/21 14:42,-15.6534157,-0.000500909,5.52E-08,-0.000500965,0.662652925
33,9,ab33_amb_channel5_Trial11_prehw_10_30_20_O2,136.6173445,-0.026074834,17.3517907,A11,60,amb,2.720655,606,5,17.5,prehw,1.20E-05,1,0,3/26/21 20:11,3/26/21 20:41,-15.80134964,-0.000505643,-1.89E-05,-0.000486741,0.64406054
34,5,ab34_amb_channel9_Trial5_prehw_10_29_20_O2,169.2890825,-0.034526313,17.44289744,A5,60,amb,2.664315,562,9,17.5,prehw,1.09E-05,1,0,3/26/21 18:36,3/26/21 19:06,-19.40378809,-0.000620921,-1.13E-05,-0.000609582,0.823662363
35,11,ab35_amb_channel4_Trial4_prehw_10_29_20_O2,154.8414592,-0.026492927,17.51055056,A4,60,amb,2.438016,610,4,17.5,prehw,1.24E-05,1,0,3/26/21 16:38,3/26/21 17:08,-16.16068575,-0.000517142,-8.67E-06,-0.000508468,0.750808795
36,5,ab36_amb_channel3_Trial9_prehw_10_30_20_O2,118.6162293,-0.024836533,17.60574074,A9,60,amb,2.839908,606,3,17.5,prehw,1.15E-05,1,0,3/26/21 15:54,3/26/21 16:24,-15.05093897,-0.00048163,-2.07E-05,-0.000460959,0.584333357
37,9,ab37_amb_channel1_Trial5_prehw_10_29_20_O2,170.872508,-0.027369743,17.54237975,A5,60,amb,2.779812,605,1,17.5,prehw,1.07E-05,1,0,3/26/21 18:36,3/26/21 19:06,-16.55869457,-0.000529878,-1.13E-05,-0.000518539,0.671535059
38,17,ab38_hw_channel3_Trial7_prehw_10_30_20_O2,140.3765969,-0.028942378,17.61888506,A7,60,hw,2.41548,607,3,17.5,prehw,1.27E-05,0,0,3/26/21 11:35,3/26/21 12:05,-17.56802371,-0.000562177,-5.69E-05,-0.000505321,0.753124509
39,17,ab39_hw_channel8_Trial10_prehw_10_30_20_O2,168.602575,-0.027213691,17.51118085,A10,60,hw,2.352567,616,8,17.5,prehw,1.22E-05,1,0,3/26/21 17:44,3/26/21 18:14,-16.76363389,-0.000536436,-2.61E-05,-0.000510295,0.780875131
40,16,ab40_hw_channel2_Trial11_prehw_10_30_20_O2,132.7602559,-0.02980438,17.48842529,A11,60,hw,2.401395,601,2,17.5,prehw,1.12E-05,1,0,3/26/21 20:11,3/26/21 20:41,-17.91243229,-0.000573198,-1.89E-05,-0.000554295,0.830960025
41,16,ab41_hw_channel4_Trial1_prehw_10_29_20_O2,184.1971416,-0.03184547,17.39335443,A1,60,hw,2.599524,602,4,17.5,prehw,1.38E-05,1,0,3/26/21 9:20,3/26/21 9:50,-19.17097317,-0.000613471,1.21E-05,-0.000625524,0.866268305
42,5,ab42_amb_channel6_Trial4_prehw_10_29_20_O2,134.5049321,-0.026023854,17.53111236,A4,60,amb,2.82864,615,6,17.5,prehw,1.31E-05,1,0,3/26/21 16:38,3/26/21 17:08,-16.00466993,-0.000512149,-8.67E-06,-0.000503475,0.640771124
43,16,ab43_hw_channel7_Trial6_prehw_10_30_20_O2,161.4996606,-0.025189762,17.53745349,A6,60,hw,2.911272,604,7,17.5,prehw,1.32E-05,1,0,3/26/21 9:42,3/26/21 10:12,-15.21461632,-0.000486868,-2.25E-05,-0.000464372,0.574230135
44,12,ab44_hw_channel4_Trial10_prehw_10_30_20_O2,132.4140405,-0.026544138,17.46895745,A10,60,hw,3.358236,604,4,17.5,prehw,1.32E-05,0,0,3/26/21 17:44,3/26/21 18:14,-16.0326592,-0.000513045,-2.61E-05,-0.000486904,0.521956402
45,17,ab45_hw_channel6_Trial9_prehw_10_30_20_O2,104.9325384,-0.020391959,17.5275875,A9,60,hw,2.597646,610,6,17.5,prehw,1.35E-05,0,0,3/26/21 15:54,3/26/21 16:24,-12.43909525,-0.000398051,-2.07E-05,-0.00037738,0.522999893
46,9,ab46_amb_channel8_Trial4_prehw_10_29_20_O2,151.5029507,-0.028887253,17.56024719,A4,60,amb,2.982636,605,8,17.5,prehw,1.53E-05,1,0,3/26/21 16:38,3/26/21 17:08,-17.47678804,-0.000559257,-8.67E-06,-0.000550583,0.664546005
47,11,ab47_amb_channel5_Trial7_prehw_10_30_20_O2,149.0473569,-0.031229499,17.39273563,A7,60,amb,3.111279,604,5,17.5,prehw,1.24E-05,1,0,3/26/21 11:35,3/26/21 12:05,-18.8626176,-0.000603604,-5.69E-05,-0.000546748,0.632631919
48,9,ab48_amb_channel3_Trial8_prehw_10_30_20_O2,144.1148174,-0.025916251,17.62122222,A8,60,amb,2.36853,610,3,17.5,prehw,1.24E-05,1,0,3/26/21 13:45,3/26/21 14:15,-15.80891293,-0.000505885,-2.61E-05,-0.000479783,0.729237171
49,11,ab49_amb_channel10_Trial10_prehw_10_30_20_O2,137.5984086,-0.030746495,17.54993478,A10,60,amb,2.986392,605,10,17.5,prehw,1.33E-05,1,0,3/26/21 17:44,3/26/21 18:14,-18.60162923,-0.000595252,-2.61E-05,-0.000569111,0.686044608
50,9,ab50_amb_channel8_Trial1_prehw_10_29_20_O2,200.165338,-0.045012155,17.49529114,A1,60,amb,3.464343,601,8,17.5,prehw,1.30E-05,1,0,3/26/21 9:20,3/26/21 9:50,-27.05230534,-0.000865674,1.21E-05,-0.000877726,0.912096382
51,12,ab51_hw_channel10_Trial1_prehw_10_29_20_O2,195.4467536,-0.030134839,17.45872152,A1,60,hw,2.245521,614,10,17.5,prehw,1.21E-05,0,0,3/26/21 9:20,3/26/21 9:50,-18.50279124,-0.000592089,1.21E-05,-0.000604142,0.968555044
52,17,ab52_hw_channel1_Trial6_prehw_10_30_20_O2,169.1272057,-0.034675754,17.52340698,A6,60,hw,2.79108,607,1,17.5,prehw,1.10E-05,1,0,3/26/21 9:42,3/26/21 10:12,-21.04818246,-0.000673542,-2.25E-05,-0.000651046,0.839734774
53,12,ab53_hw_channel8_Trial6_prehw_10_30_20_O2,185.8183144,-0.039026423,17.48201163,A6,60,hw,2.402334,605,8,17.5,prehw,1.15E-05,0,0,3/26/21 9:42,3/26/21 10:12,-23.61098601,-0.000755552,-2.25E-05,-0.000733056,1.098515819
54,12,ab54_hw_channel8_Trial5_prehw_10_29_20_O2,194.4302653,-0.025693692,17.53197436,A5,60,hw,2.839908,609,8,17.5,prehw,1.12E-05,0,0,3/26/21 18:36,3/26/21 19:06,-15.64745862,-0.000500719,-1.13E-05,-0.00048938,0.62036053
55,16,ab55_hw_channel5_Trial9_prehw_10_30_20_O2,118.4206298,-0.026496505,17.39296296,A9,60,hw,2.683095,609,5,17.5,prehw,1.30E-05,1,0,3/26/21 15:54,3/26/21 16:24,-16.13637129,-0.000516364,-2.07E-05,-0.000495693,0.665088183
56,11,ab56_amb_channel1_Trial7_prehw_10_30_20_O2,136.7013602,-0.025610575,17.6043908,A7,60,amb,2.91315,605,1,17.5,prehw,1.38E-05,1,0,3/26/21 11:35,3/26/21 12:05,-15.49439769,-0.000495821,-5.69E-05,-0.000438965,0.542462788
57,11,ab57_amb_channel3_Trial3_prehw_10_29_20_O2,96.14055034,-0.017981931,17.61095238,A3,60,amb,3.069963,607,3,17.5,prehw,1.43E-05,1,0,3/26/21 14:12,3/26/21 14:42,-10.91503238,-0.000349281,5.52E-08,-0.000349336,0.409650041
58,12,ab58_hw_channel9_Trial11_prehw_10_30_20_O2,132.902372,-0.021143576,17.3457093,A11,60,hw,2.370408,656,9,17.5,prehw,1.22E-05,0,0,3/26/21 20:11,3/26/21 20:41,-13.87018616,-0.000443846,-1.89E-05,-0.000424943,0.645372651
59,5,ab59_amb_channel4_Trial8_prehw_10_30_20_O2,167.5581797,-0.031569032,17.57366667,A8,60,amb,2.701875,610,4,17.5,prehw,1.36E-05,1,0,3/26/21 13:45,3/26/21 14:15,-19.25710939,-0.000616228,-2.61E-05,-0.000590126,0.786288169
60,16,ab60_hw_channel2_Trial3_prehw_10_29_20_O2,139.7257529,-0.018319029,17.52245882,A3,60,hw,2.154438,610,2,17.5,prehw,1.07E-05,1,0,3/26/21 14:12,3/26/21 14:42,-11.17460784,-0.000357587,5.52E-08,-0.000357643,0.597609938
61,4,ab61_hw_channel5_Trial10_prehw_10_30_20_O2,76.13896667,-0.023803839,17.3422766,A10,90,hw,8.05887,558,5,17.5,prehw,1.41E-05,0,0,3/26/21 17:44,3/26/21 18:14,-13.28254224,-0.000425041,-2.61E-05,-0.0003989,0.178193631
62,20,ab62_amb_channel1_Trial10_prehw_10_30_20_O2,54.54368971,-0.018783866,17.56446809,A10,90,amb,8.299254,552,1,17.5,prehw,1.38E-05,1,0,3/26/21 17:44,3/26/21 18:14,-10.36869412,-0.000331798,-2.61E-05,-0.000305657,0.132585893
63,10,ab63_amb_channel2_Trial6_prehw_10_30_20_O2,97.09010582,-0.041029716,17.51781395,A6,90,amb,7.810974,557,2,17.5,prehw,1.36E-05,1,0,3/26/21 9:42,3/26/21 10:12,-22.85355199,-0.000731314,-2.25E-05,-0.000708818,0.326687236
64,10,ab64_amb_channel2_Trial7_prehw_10_30_20_O2,63.55936927,-0.027982786,17.55935632,A7,90,amb,7.254147,558,2,17.5,prehw,1.52E-05,1,0,3/26/21 11:35,3/26/21 12:05,-15.61439461,-0.000499661,-5.69E-05,-0.000442805,0.219750043
65,6,ab65_hw_channel4_Trial3_prehw_10_29_20_O2,27.21222214,-0.009247928,17.53175,A3,90,hw,8.480481,544,4,17.5,prehw,1.41E-05,0,0,3/26/21 14:12,3/26/21 14:42,-5.030872896,-0.000160988,5.52E-08,-0.000161043,0.068363492
66,3,ab66_amb_channel6_Trial5_prehw_10_29_20_O2,92.02367975,-0.036534254,17.44079487,A5,90,amb,7.328328,577,6,17.5,prehw,1.22E-05,1,0,3/26/21 18:36,3/26/21 19:06,-21.08026469,-0.000674568,-1.13E-05,-0.000663229,0.325807755
67,6,ab67_hw_channel1_Trial9_prehw_10_30_20_O2,60.47351449,-0.017685923,17.538,A9,90,hw,7.456032,566,1,17.5,prehw,1.31E-05,0,0,3/26/21 15:54,3/26/21 16:24,-10.01023261,-0.000320327,-2.07E-05,-0.000299657,0.144683339
68,3,ab68_amb_channel1_Trial1_prehw_10_29_20_O2,167.576359,-0.056309038,17.44440506,A1,90,amb,6.610932,574,1,17.5,prehw,1.20E-05,1,0,3/26/21 9:20,3/26/21 9:50,-32.32138808,-0.001034284,1.21E-05,-0.001046337,0.569785477
69,3,ab69_amb_channel8_Trial11_prehw_10_30_20_O2,66.58455834,-0.024504711,17.50923256,A11,90,amb,8.195025,555,8,17.5,prehw,1.28E-05,1,0,3/26/21 20:11,3/26/21 20:41,-13.60011464,-0.000435204,-1.89E-05,-0.000416301,0.182877326
70,19,ab70_hw_channel2_Trial9_prehw_10_30_20_O2,100.2653798,-0.04819581,17.51848148,A9,90,hw,7.979055,559,2,17.5,prehw,1.48E-05,1,0,3/26/21 15:54,3/26/21 16:24,-26.94145785,-0.000862127,-2.07E-05,-0.000841456,0.379649062
71,19,ab71_hw_channel9_Trial1_prehw_10_29_20_O2,154.0894201,-0.052080985,17.32292405,A1,90,hw,8.069199,556,9,17.5,prehw,1.48E-05,1,0,3/26/21 9:20,3/26/21 9:50,-28.95702749,-0.000926625,1.21E-05,-0.000938677,0.418782423
72,4,ab72_hw_channel5_Trial6_prehw_10_30_20_O2,86.8393392,-0.027546741,17.41572093,A6,90,hw,8.417568,562,5,17.5,prehw,1.46E-05,0,0,3/26/21 9:42,3/26/21 10:12,-15.48126825,-0.000495401,-2.25E-05,-0.000472905,0.202250628
73,20,ab73_amb_channel1_Trial3_prehw_10_29_20_O2,25.07910968,-0.006745694,17.54680233,A3,90,amb,7.910508,565,1,17.5,prehw,1.31E-05,1,0,3/26/21 14:12,3/26/21 14:42,-3.811317195,-0.000121962,5.52E-08,-0.000122017,0.055528985
74,3,ab74_amb_channel10_Trial5_prehw_10_29_20_O2,112.9127996,-0.04977758,17.57360256,A5,90,amb,7.952763,572,10,17.5,prehw,1.41E-05,1,0,3/26/21 18:36,3/26/21 19:06,-28.47277561,-0.000911129,-1.13E-05,-0.00089979,0.407310434
75,19,ab75_hw_channel9_Trial4_prehw_10_29_20_O2,74.85164409,-0.024893103,17.47020225,A4,90,hw,8.758425,555,9,17.5,prehw,1.50E-05,1,0,3/26/21 16:38,3/26/21 17:08,-13.81567204,-0.000442102,-8.67E-06,-0.000433427,0.178152839
76,3,ab76_amb_channel3_Trial4_prehw_10_29_20_O2,57.82686798,-0.024105541,17.59995506,A4,90,amb,7.387485,570,3,17.5,prehw,1.19E-05,1,0,3/26/21 16:38,3/26/21 17:08,-13.74015846,-0.000439685,-8.67E-06,-0.000431011,0.210036178
77,6,ab77_hw_channel3_Trial1_prehw_10_29_20_O2,147.1122834,-0.059849769,17.50258228,A1,90,hw,8.06826,565,3,17.5,prehw,1.31E-05,0,0,3/26/21 9:20,3/26/21 9:50,-33.81511962,-0.001082084,1.21E-05,-0.001094136,0.488195834
78,4,ab78_hw_channel1_Trial11_prehw_10_30_20_O2,78.14212661,-0.03017333,17.51190805,A11,90,hw,8.022249,563,1,17.5,prehw,1.29E-05,0,0,3/26/21 20:11,3/26/21 20:41,-16.98758468,-0.000543603,-1.89E-05,-0.0005247,0.235460256
79,10,ab79_amb_channel3_Trial10_prehw_10_30_20_O2,74.20322045,-0.023976066,17.54023404,A10,90,amb,7.57059,563,3,17.5,prehw,1.33E-05,1,0,3/26/21 17:44,3/26/21 18:14,-13.49852534,-0.000431953,-2.61E-05,-0.000405811,0.192973145
80,4,ab80_hw_channel5_Trial3_prehw_10_29_20_O2,67.58335673,-0.021261561,17.40661905,A3,90,hw,7.568712,569,5,17.5,prehw,1.44E-05,0,0,3/26/21 14:12,3/26/21 14:42,-12.09782836,-0.000387131,5.52E-08,-0.000387186,0.184161924
81,10,ab81_amb_channel10_Trial8_prehw_10_30_20_O2,77.64472465,-0.026625014,17.57676543,A8,90,amb,7.629747,568,10,17.5,prehw,1.26E-05,1,0,3/26/21 13:45,3/26/21 14:15,-15.12300805,-0.000483936,-2.61E-05,-0.000457834,0.216023398
82,19,ab82_hw_channel4_Trial7_prehw_10_30_20_O2,52.18297297,-0.017779908,17.57183908,A7,90,hw,7.426923,562,4,17.5,prehw,1.42E-05,1,0,3/26/21 11:35,3/26/21 12:05,-9.992308169,-0.000319754,-5.69E-05,-0.000262899,0.127432957
83,20,ab83_amb_channel9_Trial9_prehw_10_30_20_O2,49.62634729,-0.016545362,17.43445679,A9,90,amb,7.775292,566,9,17.5,prehw,1.32E-05,1,0,3/26/21 15:54,3/26/21 16:24,-9.364675072,-0.00029967,-2.07E-05,-0.000278999,0.129177833
84,19,ab84_hw_channel9_Trial7_prehw_10_30_20_O2,60.56218757,-0.020276719,17.48048276,A7,90,hw,8.238219,553,9,17.5,prehw,1.26E-05,1,0,3/26/21 11:35,3/26/21 12:05,-11.21302581,-0.000358817,-5.69E-05,-0.000301962,0.131953451
85,20,ab85_amb_channel10_Trial11_prehw_10_30_20_O2,79.96828493,-0.030165898,17.3402,A11,90,amb,7.707684,565,10,17.5,prehw,1.31E-05,1,0,3/26/21 20:11,3/26/21 20:41,-17.04373244,-0.000545399,-1.89E-05,-0.000526497,0.245909021
86,6,ab86_hw_channel4_Trial5_prehw_10_29_20_O2,88.50506955,-0.029481182,17.54037179,A5,90,hw,9.895554,517,4,17.5,prehw,1.57E-05,0,0,3/26/21 18:36,3/26/21 19:06,-15.24177109,-0.000487737,-1.13E-05,-0.000476398,0.173313352
87,10,ab87_amb_channel2_Trial8_prehw_10_30_20_O2,83.88582687,-0.03029203,17.56711111,A8,90,amb,7.725525,562,2,17.5,prehw,1.19E-05,1,0,3/26/21 13:45,3/26/21 14:15,-17.02412064,-0.000544772,-2.61E-05,-0.00051867,0.241693871
88,20,ab88_amb_channel9_Trial8_prehw_10_30_20_O2,55.02670899,-0.023589847,17.46202469,A8,90,amb,8.704902,556,9,17.5,prehw,1.33E-05,1,0,3/26/21 13:45,3/26/21 14:15,-13.11595485,-0.000419711,-2.61E-05,-0.000393609,0.16278085
89,4,ab89_hw_channel7_Trial4_prehw_10_29_20_O2,147.4384418,-0.046721976,17.60234831,A4,90,hw,7.919898,567,7,17.5,prehw,1.41E-05,0,0,3/26/21 16:38,3/26/21 17:08,-26.49136055,-0.000847724,-8.67E-06,-0.000839049,0.381390971
90,6,ab90_hw_channel4_Trial6_prehw_10_30_20_O2,89.92466742,-0.031766204,17.51822093,A6,90,hw,7.697355,570,4,17.5,prehw,1.34E-05,0,0,3/26/21 9:42,3/26/21 10:12,-18.10673651,-0.000579416,-2.25E-05,-0.00055692,0.260467701