abalone_ID,abalone_full_label,Intercept,umol.L.sec,Temp.C,block,size_class,treatment,weight,volume,chamber.channel,temp,period,BLANK,start.time,stop.time,umol.sec,blank.rate,umol.sec.corr,umol.gram.hr,Rate.ln
1,ab1_hw_channel10_Trial1_posthw_11_24_20_O2,191.4465816,-0.00499708,21.13640217,B1,30,hw,0.401325,631,10,21,posthw,0,2/3/21 13:30,2/3/21 14:00,-3.153157674,0.002627725,-3.155785399,28308.29736,10.25091377
1,ab1_hw_channel10_trial5_final_12_12_20_O2,197.6408989,-0.00679268,17.4871978,C5,30,hw,0.445458,639,10,17.5,final ,0,2/3/21 9:21,2/3/21 9:51,-4.340522221,-0.03118798,-4.309334241,34826.18623,10.45812773
1,ab1_hw_channel3_Trial11_prehw_10_30_20_O2,176.8898442,-0.004852255,17.57106977,A11,30,hw,0.346863,623,3,17.5,prehw,0,2/3/21 20:11,2/3/21 20:41,-3.022954776,-0.590702702,-2.432252074,25243.70563,10.13633608
10,ab10_hw_channel9_Trial6_prehw_10_30_20_O2,206.1812789,-0.009085234,17.43980233,A6,30,hw,0.708378,625,9,17.5,prehw,0,2/3/21 9:42,2/3/21 10:12,-5.678271309,-0.702983386,-4.975287922,25284.57479,10.13795375
11,ab11_hw_channel3_Trial5_posthw_11_25_20_O2,187.4885446,-0.005616071,21.12773786,B5,30,hw,0.559077,639,3,21,posthw,0,2/3/21 11:15,2/3/21 11:45,-3.588669643,0.065810064,-3.654479707,23531.86939,10.06611518
11,ab11_hw_channel3_Trial5_prehw_10_29_20_O2,190.611524,-0.006836066,17.60840506,A5,30,hw,0.479262,627,3,17.5,prehw,0,2/3/21 18:36,2/3/21 19:06,-4.286213115,-0.354343746,-3.931869369,29534.42945,10.29331535
12,ab12_amb_channel10_Trial3_prehw_10_29_20_O2,189.9744898,-0.00929812,17.62540964,A3,30,amb,0.775986,628,10,17.5,prehw,0,2/3/21 14:12,2/3/21 14:42,-5.839219415,0.001725144,-5.840944559,27097.65436,10.20720614
12,ab12_amb_channel2_Trial4_posthw_11_24_20_O2,206.7527765,-0.014655256,17.39183908,B4,30,amb,0.96942,625,2,17.5,posthw,0,2/3/21 19:32,2/3/21 20:02,-9.15953521,-0.445563115,-8.713972095,32359.86419,10.38467726
12,ab12_amb_channel7_trial4_final_12_11_20_O2,173.4556776,-0.016687587,17.48179518,C4,30,amb,1.11966,625,7,17.5,final ,0,2/3/21 15:34,2/3/21 16:04,-10.42974197,-0.204929938,-10.22481203,32875.44729,10.40048442
13,ab13_hw_channel3_Trial6_prehw_10_30_20_O2,183.9106162,-0.009966731,17.62212791,A6,30,hw,0.924348,615,3,17.5,prehw,0,2/3/21 9:42,2/3/21 10:12,-6.129539855,-0.702983386,-5.426556468,21134.46806,9.958665276
14,ab14_amb_channel6_trial4_final_12_11_20_O2,172.9829295,-0.01030481,17.39543373,C4,30,amb,0.758145,631,6,17.5,final ,0,2/3/21 15:34,2/3/21 16:04,-6.502334926,-0.204929938,-6.297404987,29902.79954,10.30571073
14,ab14_amb_channel7_Trial5_prehw_10_29_20_O2,185.8739586,-0.009752576,17.57138462,A5,30,amb,0.591003,630,7,17.5,prehw,0,2/3/21 18:36,2/3/21 19:06,-6.144122727,-0.354343746,-5.789778982,35267.5102,10.47072026
14,ab14_amb_channel7_Trial7_posthw_11_25_20_O2,194.6984102,-0.009752696,17.58058407,B7,30,amb,0.694293,634,7,17.5,posthw,0,2/3/21 15:04,2/3/21 15:34,-6.183209402,-0.421377164,-5.761832238,29875.85365,10.30480921
15,ab15_hw_channel7_Trial8_prehw_10_30_20_O2,187.1284474,-0.011057863,17.58131707,A8,30,hw,0.859557,625,7,17.5,prehw,0,2/3/21 13:45,2/3/21 14:15,-6.911164411,-0.815682759,-6.095481652,25529.12017,10.14757896
16,ab16_hw_channel10_Trial4_prehw_10_29_20_O2,200.114554,-0.008500177,17.52055172,A4,30,hw,0.691476,631,10,17.5,prehw,0,2/3/21 16:38,2/3/21 17:08,-5.363611814,-0.271068957,-5.092542857,26513.0739,10.18539702
17,ab17_hw_channel1_trial1_final_12_11_20_O2,227.1240563,-0.008552724,17.39147126,C1,30,hw,0.526212,615,1,17.5,final ,0,2/3/21 10:13,2/3/21 10:45,-5.259925009,-0.064039435,-5.195885575,35546.86717,10.47861012
17,ab17_hw_channel5_Trial2_posthw_11_24_20_O2,206.3063071,-0.007381106,20.99662963,B2,30,hw,0.491469,638,5,21,posthw,0,2/3/21 15:32,2/3/21 16:02,-4.709145435,-0.227358617,-4.481786818,32828.99338,10.39907039
17,ab17_hw_channel8_Trial9_prehw_10_30_20_O2,202.295678,-0.010139342,17.53464198,A9,30,hw,0.439824,628,8,17.5,prehw,0,2/3/21 15:54,2/3/21 16:24,-6.367506536,-0.645965224,-5.721541312,46831.34328,10.75431012
18,ab18_amb_channel1_Trial7_posthw_11_25_20_O2,217.1144214,-0.014042777,17.47824779,B7,30,amb,0.932799,631,1,17.5,posthw,0,2/3/21 15:04,2/3/21 15:34,-8.860992129,-0.421377164,-8.439614965,32571.44773,10.39119442
18,ab18_amb_channel3_trial3_final_12_11_20_O2,189.6653898,-0.013959205,17.44509195,C3,30,amb,0.991017,628,3,17.5,final ,0,2/3/21 13:34,2/3/21 14:04,-8.766380482,-0.197928206,-8.568452276,31126.03335,10.34580305
18,ab18_amb_channel5_Trial5_prehw_10_29_20_O2,202.6384814,-0.011505657,17.43065385,A5,30,amb,0.729975,626,5,17.5,prehw,0,2/3/21 18:36,2/3/21 19:06,-7.20254101,-0.354343746,-6.848197264,33773.08833,10.42742252
19,ab19_amb_channel1_Trial8_prehw_10_30_20_O2,212.9224534,-0.010657081,17.58730864,A8,30,amb,0.449214,625,1,17.5,prehw,0,2/3/21 13:45,2/3/21 14:15,-6.660675726,-0.815682759,-5.844992966,46841.76067,10.75453254
19,ab19_amb_channel3_Trial8_posthw_11_25_20_O2,195.7598753,-0.008367533,17.5439441,B8,30,amb,0.517761,638,3,17.5,posthw,0,2/3/21 17:21,2/3/21 17:51,-5.338485786,-0.912281166,-4.42620462,30775.46712,10.33447638
19,ab19_amb_channel7_trial6_final_12_12_20_O2,192.1362622,-0.009694406,17.54856075,C6,30,amb,0.56565,630,7,17.5,final ,0,2/3/21 11:07,2/3/21 11:42,-6.107475986,-0.314206669,-5.793269318,36870.44912,10.51516838
2,ab2_hw_channel3_Trial1_posthw_11_24_20_O2,186.5287217,-0.007492154,21.22635644,B1,30,hw,0.683964,633,3,21,posthw,0,2/3/21 13:30,2/3/21 14:00,-4.742533332,0.002627725,-4.745161058,24975.8464,10.1256685
2,ab2_hw_channel3_trial5_final_12_12_20_O2,195.3927729,-0.010526475,17.52434066,C5,30,hw,0.737487,634,3,17.5,final ,0,2/3/21 9:21,2/3/21 9:51,-6.673785458,-0.03118798,-6.642597478,32425.45417,10.3867021
2,ab2_hw_channel7_Trial9_prehw_10_30_20_O2,182.009919,-0.007726549,17.63535,A9,30,hw,0.629502,625,7,17.5,prehw,0,2/3/21 15:54,2/3/21 16:24,-4.829093432,-0.645965224,-4.183128208,23922.49993,10.08257889
20,ab20_hw_channel3_Trial2_posthw_11_24_20_O2,185.9176682,-0.008811979,21.29751852,B2,30,hw,0.907446,632,3,21,posthw,0,2/3/21 15:32,2/3/21 16:02,-5.569170468,-0.227358617,-5.341811851,21191.91959,9.961379955
20,ab20_hw_channel4_trial2_final_12_11_20_O2,224.3630963,-0.014950078,17.42552941,C2,30,hw,0.907446,633,4,17.5,final ,0,2/3/21 11:57,2/3/21 12:27,-9.463399684,-0.220862328,-9.242537355,36666.79282,10.50962952
20,ab20_hw_channel9_Trial3_prehw_10_29_20_O2,208.3213076,-0.011495073,17.44668675,A3,30,hw,0.714951,619,9,17.5,prehw,0,2/3/21 14:12,2/3/21 14:42,-7.11544997,0.001725144,-7.117175114,35837.18382,10.48674408
21,ab21_amb_channel2_Trial10_prehw_10_30_20_O2,189.5469955,-0.006522515,17.53655319,A10,30,amb,0.456726,619,2,17.5,prehw,0,2/3/21 17:44,2/3/21 18:14,-4.037437069,-0.816923259,-3.22051381,25384.69392,10.14190561
21,ab21_amb_channel7_trial7_final_12_12_20_O2,198.1420856,-0.009230419,17.46947525,C7,30,amb,0.489591,634,7,17.5,final ,0,2/3/21 13:00,2/3/21 13:30,-5.852085917,-0.4378049,-5.414281017,39811.62166,10.59191666
21,ab21_amb_channel7_Trial9_posthw_11_25_20_O2,183.6661182,-0.007669151,17.61970526,B9,30,amb,0.532785,633,7,17.5,posthw,0,2/3/21 20:50,2/3/21 21:20,-4.854572321,-1.610976708,-3.243595613,21916.8036,9.995013472
22,ab22_hw_channel10_Trial7_prehw_10_30_20_O2,175.5879144,-0.015646612,17.57651724,A7,30,hw,0.879276,625,10,17.5,prehw,0,2/3/21 11:35,2/3/21 12:05,-9.779132653,-1.776728675,-8.002403978,32764.06307,10.39709061
22,ab22_hw_channel5_trial5_final_12_12_20_O2,202.8675824,-0.013945141,17.33748352,C5,30,hw,0.954396,632,5,17.5,final ,0,2/3/21 9:21,2/3/21 9:51,-8.813329012,-0.03118798,-8.782141032,33126.40426,10.40808897
22,ab22_hw_channel5_Trial5_posthw_11_25_20_O2,205.3311137,-0.01165563,20.91529126,B5,30,hw,0.917775,630,5,21,posthw,0,2/3/21 11:15,2/3/21 11:45,-7.343047091,0.065810064,-7.408857155,29061.46469,10.27717178
23,ab23_hw_channel5_Trial1_posthw_11_24_20_O2,212.1529739,-0.005958906,21.00243564,B1,30,hw,0.475506,635,5,21,posthw,0,2/3/21 13:30,2/3/21 14:00,-3.783905089,0.002627725,-3.786532814,28667.39459,10.26351917
23,ab23_hw_channel5_Trial1_prehw_10_29_20_O2,219.9679739,-0.007876126,17.33503797,A1,30,hw,0.4248,629,5,17.5,prehw,0,2/3/21 9:20,2/3/21 9:50,-4.954083419,0.376641839,-5.330725258,45175.63778,10.71831545
24,ab24_hw_channel6_Trial8_prehw_10_30_20_O2,165.5863678,-0.01331856,17.55716049,A8,30,hw,0.843594,633,6,17.5,prehw,0,2/3/21 13:45,2/3/21 14:15,-8.430648464,-0.815682759,-7.614965705,32496.52859,10.38889163
24,ab24_hw_channel7_trial1_final_12_11_20_O2,183.0194239,-0.01282675,17.40626437,C1,30,hw,1.055808,628,7,17.5,final ,0,2/3/21 10:13,2/3/21 10:45,-8.055199275,-0.064039435,-7.991159841,27247.54447,10.21272235
24,ab24_hw_channel9_Trial5_posthw_11_25_20_O2,205.8757469,-0.013968919,21.1088932,B5,30,hw,0.968481,634,9,21,posthw,0,2/3/21 11:15,2/3/21 11:45,-8.856294885,0.065810064,-8.922104949,33164.90237,10.40925045
25,ab25_amb_channel2_Trial3_posthw_11_24_20_O2,214.2540451,-0.013093876,17.41134951,B3,30,amb,0.702744,626,2,17.5,posthw,0,2/3/21 17:33,2/3/21 18:06,-8.196766506,-0.775609177,-7.421157328,38016.92563,10.54578938
25,ab25_amb_channel7_Trial11_prehw_10_30_20_O2,169.7301461,-0.007729882,17.55730233,A11,30,amb,0.516822,627,7,17.5,prehw,0,2/3/21 20:11,2/3/21 20:41,-4.846636106,-0.590702702,-4.255933404,29645.33293,10.29706336
25,ab25_amb_channel9_trial4_final_12_11_20_O2,203.5613473,-0.013204109,17.30421687,C4,30,amb,0.749694,631,9,17.5,final ,0,2/3/21 15:34,2/3/21 16:04,-8.331792595,-0.204929938,-8.126862656,39024.8629,10.57195679
26,ab26_amb_channel3_trial6_final_12_12_20_O2,196.3495796,-0.01155037,17.43941121,C6,30,amb,0.905568,633,3,17.5,final ,0,2/3/21 11:07,2/3/21 11:42,-7.311384111,-0.314206669,-6.997177442,27816.61763,10.23339247
26,ab26_amb_channel4_Trial8_posthw_11_25_20_O2,219.2588151,-0.006473436,17.41636095,B8,30,amb,0.851106,632,4,17.5,posthw,0,2/3/21 17:21,2/3/21 17:51,-4.091211581,-0.912281166,-3.178930414,13446.20939,9.506459953
26,ab26_amb_channel6_Trial7_prehw_10_30_20_O2,169.4151265,-0.010203376,17.55595402,A7,30,amb,0.75345,618,6,17.5,prehw,0,2/3/21 11:35,2/3/21 12:05,-6.3056861,-1.776728675,-4.528957425,21639.45415,9.98227813
27,ab27_amb_channel1_Trial4_prehw_10_29_20_O2,209.4017279,-0.008353259,17.56758427,A4,30,amb,0.523395,631,1,17.5,prehw,0,2/3/21 16:38,2/3/21 17:08,-5.270906404,-0.271068957,-4.999837448,34389.73397,10.44551628
27,ab27_amb_channel8_Trial4_posthw_11_24_20_O2,222.3126908,-0.009142679,17.48241379,B4,30,amb,0.595698,635,8,17.5,posthw,0,2/3/21 19:32,2/3/21 20:02,-5.805600911,-0.445563115,-5.360037796,32392.48086,10.38568469
27,ab27_amb_channel9_trial7_final_12_12_20_O2,216.8633109,-0.010668628,17.30588542,C7,30,amb,0.617295,633,9,17.5,final ,0,2/3/21 13:00,2/3/21 13:30,-6.753241341,-0.4378049,-6.315436441,36830.96605,10.51409695
28,ab28_hw_channel4_Trial9_prehw_10_30_20_O2,180.3060667,-0.010751178,17.50475309,A9,30,hw,0.622929,620,4,17.5,prehw,0,2/3/21 15:54,2/3/21 16:24,-6.665730655,-0.645965224,-6.019765431,34789.12613,10.45706302
29,ab29_amb_channel1_Trial4_posthw_11_24_20_O2,223.0834656,-0.009352843,17.40102299,B4,30,amb,0.547809,630,1,17.5,posthw,0,2/3/21 19:32,2/3/21 20:02,-5.892290957,-0.445563115,-5.446727842,35793.89939,10.48553554
29,ab29_amb_channel2_Trial4_prehw_10_29_20_O2,203.8230662,-0.007451746,17.54314607,A4,30,amb,0.464238,618,2,17.5,prehw,0,2/3/21 16:38,2/3/21 17:08,-4.605179048,-0.271068957,-4.334110091,33609.47688,10.42256633
29,ab29_amb_channel7_trial8_final_12_12_20_O2,195.478288,-0.007949076,17.44351938,C8,30,amb,0.591003,631,7,17.5,final ,0,2/3/21 15:18,2/3/21 15:48,-5.015867101,-0.53968664,-4.476180462,27265.93547,10.21339708
3,ab3_amb_channel1_trial7_final_12_12_20_O2,217.0422837,-0.021713683,17.48652128,C7,30,amb,1.132806,620,1,17.5,final ,0,2/3/21 13:00,2/3/21 13:30,-13.46248362,-0.4378049,-13.02467872,41391.76822,10.63083972
3,ab3_amb_channel2_Trial9_posthw_11_25_20_O2,180.1975644,-0.015602632,17.45141053,B9,30,amb,1.090551,624,2,17.5,posthw,0,2/3/21 20:50,2/3/21 21:20,-9.73604264,-1.610976708,-8.125065932,26821.52174,10.19696362
3,ab3_amb_channel9_Trial10_prehw_10_30_20_O2,174.7540179,-0.014707766,17.40747312,A10,30,amb,0.932799,623,9,17.5,prehw,0,2/3/21 17:44,2/3/21 18:14,-9.162938475,-0.816923259,-8.346015216,32210.21332,10.38004197
30,ab30_amb_channel10_trial3_final_12_11_20_O2,195.9104422,-0.014051894,17.38360494,C3,30,amb,0.805095,634,10,17.5,final ,0,2/3/21 13:34,2/3/21 14:04,-8.908900966,-0.197928206,-8.71097276,38951.30629,10.57007016
30,ab30_amb_channel10_Trial6_prehw_10_30_20_O2,196.1359845,-0.00620052,17.56515294,A6,30,amb,0.53748,630,10,17.5,prehw,0,2/3/21 9:42,2/3/21 10:12,-3.906327828,-0.702983386,-3.203344442,21455.75648,9.973752916
30,ab30_amb_channel4_Trial7_posthw_11_25_20_O2,217.2501968,-0.011991225,17.33588496,B7,30,amb,0.720585,628,4,17.5,posthw,0,2/3/21 15:04,2/3/21 15:34,-7.530489231,-0.421377164,-7.109112066,35516.70301,10.47776119
31,ab31_amb_channel1_Trial8_posthw_11_25_20_O2,164.9819556,-0.024752249,17.40387578,B8,60,amb,3.054939,610,1,17.5,posthw,0,2/3/21 17:21,2/3/21 17:51,-15.09887209,-0.912281166,-14.18659092,16717.75682,9.724232698
31,ab31_amb_channel10_trial6_final_12_12_20_O2,165.4048953,-0.044627294,17.48725,C6,60,amb,3.209874,615,10,17.5,final ,0,2/3/21 11:07,2/3/21 11:42,-27.44578604,-0.314206669,-27.13157937,30429.1339,10.32315907
31,ab31_amb_channel5_Trial8_prehw_10_30_20_O2,154.7289304,-0.029398014,17.46555556,A8,60,amb,2.699058,605,5,17.5,prehw,0,2/3/21 13:45,2/3/21 14:15,-17.78579843,-0.815682759,-16.97011567,22634.7179,10.02724461
32,ab32_hw_channel7_Trial3_prehw_10_29_20_O2,130.5325965,-0.025873414,17.60637349,A3,60,hw,2.721594,605,7,17.5,prehw,0,2/3/21 14:12,2/3/21 14:42,-15.6534157,0.001725144,-15.65514084,20707.90391,9.938275567
33,ab33_amb_channel3_trial7_final_12_12_20_O2,158.1280527,-0.032661163,17.57293617,C7,60,amb,2.792958,609,3,17.5,final ,0,2/3/21 13:00,2/3/21 13:30,-19.8906482,-0.4378049,-19.4528433,25073.85929,10.12958511
33,ab33_amb_channel5_Trial11_prehw_10_30_20_O2,136.6173445,-0.026074834,17.3517907,A11,60,amb,2.720655,606,5,17.5,prehw,0,2/3/21 20:11,2/3/21 20:41,-15.80134964,-0.590702702,-15.21064694,20126.89186,9.909817072
33,ab33_amb_channel7_Trial3_posthw_11_24_20_O2,172.4804929,-0.022448964,17.353,B3,60,amb,2.661498,612,7,17.5,posthw,0,2/3/21 17:33,2/3/21 18:06,-13.738766,-0.775609177,-12.96315683,17534.24747,9.771916949
34,ab34_amb_channel2_trial8_final_12_12_20_O2,126.3173474,-0.02624794,17.46704065,C8,60,amb,3.177948,607,2,17.5,final ,0,2/3/21 15:18,2/3/21 15:48,-15.93249965,-0.53968664,-15.39281301,17437.0779,9.766359867
34,ab34_amb_channel5_Trial7_posthw_11_25_20_O2,202.1689661,-0.029369144,17.47270796,B7,60,amb,2.987331,615,5,17.5,posthw,0,2/3/21 15:04,2/3/21 15:34,-18.06202342,-0.421377164,-17.64064625,21258.55036,9.964519167
34,ab34_amb_channel9_Trial5_prehw_10_29_20_O2,169.2890825,-0.034526313,17.44289744,A5,60,amb,2.664315,562,9,17.5,prehw,0,2/3/21 18:36,2/3/21 19:06,-19.40378809,-0.354343746,-19.04944434,25739.44884,10.15578395
35,ab35_amb_channel4_Trial4_prehw_10_29_20_O2,154.8414592,-0.026492927,17.51055056,A4,60,amb,2.438016,610,4,17.5,prehw,0,2/3/21 16:38,2/3/21 17:08,-16.16068575,-0.271068957,-15.88961679,23462.77483,10.06317466
35,ab35_amb_channel4_trial8_final_12_12_20_O2,153.2882509,-0.028046604,17.47637705,C8,60,amb,2.846481,612,4,17.5,final ,0,2/3/21 15:18,2/3/21 15:48,-17.16452178,-0.53968664,-16.62483514,21025.75303,9.953508056
35,ab35_amb_channel6_Trial4_posthw_11_24_20_O2,171.492739,-0.024745353,17.37021839,B4,60,amb,2.661498,615,6,17.5,posthw,0,2/3/21 19:32,2/3/21 20:02,-15.21839214,-0.445563115,-14.77282902,19982.04939,9.902594623
36,ab36_amb_channel3_Trial9_prehw_10_30_20_O2,118.6162293,-0.024836533,17.60574074,A9,60,amb,2.839908,606,3,17.5,prehw,0,2/3/21 15:54,2/3/21 16:24,-15.05093897,-0.645965224,-14.40497375,18260.41742,9.81249649
36,ab36_amb_channel4_Trial9_posthw_11_25_20_O2,154.4694648,-0.023167173,17.41931579,B9,60,amb,2.912211,616,4,17.5,posthw,0,2/3/21 20:50,2/3/21 21:20,-14.27097872,-1.610976708,-12.66000202,15649.96741,9.658230504
36,ab36_amb_channel6_trial6_final_12_12_20_O2,161.4175391,-0.038869214,17.4516729,C6,60,amb,2.356323,609,6,17.5,final ,0,2/3/21 11:07,2/3/21 11:42,-23.67135111,-0.314206669,-23.35714444,35685.14163,10.48249248
37,ab37_amb_channel1_Trial5_prehw_10_29_20_O2,170.872508,-0.027369743,17.54237975,A5,60,amb,2.779812,605,1,17.5,prehw,0,2/3/21 18:36,2/3/21 19:06,-16.55869457,-0.354343746,-16.20435082,20985.47058,9.951590365
37,ab37_amb_channel3_Trial7_posthw_11_25_20_O2,188.4813699,-0.031932925,17.50274336,B7,60,amb,3.115035,608,3,17.5,posthw,0,2/3/21 15:04,2/3/21 15:34,-19.41521823,-0.421377164,-18.99384107,21950.90195,9.996568064
37,ab37_amb_channel6_trial3_final_12_11_20_O2,162.3862167,-0.037763136,17.36053409,C3,60,amb,3.155412,613,6,17.5,final ,0,2/3/21 13:34,2/3/21 14:04,-23.14880247,-0.197928206,-22.95087426,26184.58297,10.1729299
38,ab38_hw_channel1_Trial6_posthw_11_25_20_O2,206.185615,-0.020695004,21.14356098,B6,60,hw,2.587317,614,1,21,posthw,0,2/3/21 12:46,2/3/21 13:16,-12.70673274,-0.256398303,-12.45033444,17323.42963,9.75982095
38,ab38_hw_channel3_Trial7_prehw_10_30_20_O2,140.3765969,-0.028942378,17.61888506,A7,60,hw,2.41548,607,3,17.5,prehw,0,2/3/21 11:35,2/3/21 12:05,-17.56802371,-1.776728675,-15.79129504,23535.14089,10.06625419
39,ab39_hw_channel1_Trial2_posthw_11_24_20_O2,190.8634589,-0.021462208,21.23891358,B2,60,hw,2.550696,610,1,21,posthw,0,2/3/21 15:32,2/3/21 16:02,-13.09194697,-0.227358617,-12.86458835,18156.81605,9.806806817
39,ab39_hw_channel8_Trial10_prehw_10_30_20_O2,168.602575,-0.027213691,17.51118085,A10,60,hw,2.352567,616,8,17.5,prehw,0,2/3/21 17:44,2/3/21 18:14,-16.76363389,-0.816923259,-15.94671063,24402.34785,10.10243873
39,ab39_hw_channel9_trial1_final_12_11_20_O2,202.9646548,-0.02158778,17.3331954,C1,60,hw,2.356323,619,9,17.5,final ,0,2/3/21 10:13,2/3/21 10:45,-13.3628359,-0.064039435,-13.29879646,20317.9561,9.919265233
4,ab4_hw_channel2_Trial1_prehw_10_29_20_O2,211.8538637,-0.01262087,17.45665823,A1,30,hw,0.85674,623,2,17.5,prehw,0,2/3/21 9:20,2/3/21 9:50,-7.862801903,0.376641839,-8.239443742,34621.93602,10.45224564
40,ab40_hw_channel2_Trial11_prehw_10_30_20_O2,132.7602559,-0.02980438,17.48842529,A11,60,hw,2.401395,601,2,17.5,prehw,0,2/3/21 20:11,2/3/21 20:41,-17.91243229,-0.590702702,-17.32172958,25967.50077,10.16460492
40,ab40_hw_channel4_trial1_final_12_11_20_O2,188.0092481,-0.029451023,17.36248276,C1,60,hw,2.70657,613,4,17.5,final ,0,2/3/21 10:13,2/3/21 10:45,-18.05347711,-0.064039435,-17.98943768,23927.69285,10.08279594
40,ab40_hw_channel9_Trial2_posthw_11_24_20_O2,170.6388077,-0.02949328,21.09983951,B2,60,hw,2.853054,616,9,21,posthw,0,2/3/21 15:32,2/3/21 16:02,-18.16786047,-0.227358617,-17.94050185,22637.42875,10.02736437
41,ab41_hw_channel4_Trial1_posthw_11_24_20_O2,203.0945522,-0.02344305,21.12077228,B1,60,hw,2.801409,616,4,21,posthw,0,2/3/21 13:30,2/3/21 14:00,-14.44091904,0.002627725,-14.44354677,18560.93429,9.828819732
41,ab41_hw_channel4_Trial1_prehw_10_29_20_O2,184.1971416,-0.03184547,17.39335443,A1,60,hw,2.599524,602,4,17.5,prehw,0,2/3/21 9:20,2/3/21 9:50,-19.17097317,0.376641839,-19.54761501,27070.88453,10.20621775
41,ab41_hw_channel7_trial2_final_12_11_20_O2,173.1031285,-0.033004527,17.42938095,C2,60,hw,2.792958,613,7,17.5,final ,0,2/3/21 11:57,2/3/21 12:27,-20.23177485,-0.220862328,-20.01091252,25793.18596,10.1578695
42,ab42_amb_channel6_Trial4_prehw_10_29_20_O2,134.5049321,-0.026023854,17.53111236,A4,60,amb,2.82864,615,6,17.5,prehw,0,2/3/21 16:38,2/3/21 17:08,-16.00466993,-0.271068957,-15.73360097,20024.09762,9.904696702
42,ab42_amb_channel9_trial3_final_12_11_20_O2,170.471443,-0.048731088,17.2627037,C3,60,amb,3.337578,609,9,17.5,final ,0,2/3/21 13:34,2/3/21 14:04,-29.67723277,-0.197928206,-29.47930456,31797.15842,10.36713535
42,ab42_amb_channel9_Trial4_posthw_11_24_20_O2,179.9275274,-0.036908949,17.3402069,B4,60,amb,3.064329,614,9,17.5,posthw,0,2/3/21 19:32,2/3/21 20:02,-22.66209473,-0.445563115,-22.21653162,26100.17195,10.16970101
43,ab43_hw_channel10_Trial5_posthw_11_25_20_O2,195.0444442,-0.030057898,21.10022549,B5,60,hw,3.22302,614,10,21,posthw,0,2/3/21 11:15,2/3/21 11:45,-18.45554915,0.065810064,-18.52135922,20687.70693,9.937299768
43,ab43_hw_channel7_Trial6_prehw_10_30_20_O2,161.4996606,-0.025189762,17.53745349,A6,60,hw,2.911272,604,7,17.5,prehw,0,2/3/21 9:42,2/3/21 10:12,-15.21461632,-0.702983386,-14.51163293,17944.69172,9.795055197
43,ab43_hw_channel9_trial5_final_12_12_20_O2,177.039333,-0.038081263,17.34356044,C5,60,hw,3.031464,615,9,17.5,final ,0,2/3/21 9:21,2/3/21 9:51,-23.41997663,-0.03118798,-23.38878865,27775.23967,10.23190384
44,ab44_hw_channel4_Trial10_prehw_10_30_20_O2,132.4140405,-0.026544138,17.46895745,A10,60,hw,3.358236,604,4,17.5,prehw,0,2/3/21 17:44,2/3/21 18:14,-16.0326592,-0.816923259,-15.21573594,16311.13757,9.699609571
45,ab45_hw_channel6_Trial9_prehw_10_30_20_O2,104.9325384,-0.020391959,17.5275875,A9,60,hw,2.597646,610,6,17.5,prehw,0,2/3/21 15:54,2/3/21 16:24,-12.43909525,-0.645965224,-11.79313003,16343.74664,9.701606753
45,ab45_hw_channel8_Trial1_posthw_11_24_20_O2,201.9966002,-0.018396522,21.12823711,B1,60,hw,2.707509,610,8,21,posthw,0,2/3/21 13:30,2/3/21 14:00,-11.22187826,0.002627725,-11.22450599,14924.50129,9.610766223
46,ab46_amb_channel4_trial4_final_12_11_20_O2,151.569935,-0.036113642,17.41039759,C4,60,amb,3.509415,612,4,17.5,final ,0,2/3/21 15:34,2/3/21 16:04,-22.10154861,-0.204929938,-21.89661867,22461.81407,10.01957645
46,ab46_amb_channel8_Trial4_prehw_10_29_20_O2,151.5029507,-0.028887253,17.56024719,A4,60,amb,2.982636,605,8,17.5,prehw,0,2/3/21 16:38,2/3/21 17:08,-17.47678804,-0.271068957,-17.20571909,20767.06266,9.9411283
46,ab46_amb_channel8_Trial9_posthw_11_25_20_O2,165.2570847,-0.026159374,17.49556842,B9,60,amb,3.261519,610,8,17.5,posthw,0,2/3/21 20:50,2/3/21 21:20,-15.95721792,-1.610976708,-14.34624121,15835.09658,9.669990373
47,ab47_amb_channel10_trial7_final_12_12_20_O2,159.9074387,-0.043766218,17.52750526,C7,60,amb,3.972342,606,10,17.5,final ,0,2/3/21 13:00,2/3/21 13:30,-26.52232809,-0.4378049,-26.08452319,23639.52638,10.07067967
47,ab47_amb_channel5_Trial7_prehw_10_30_20_O2,149.0473569,-0.031229499,17.39273563,A7,60,amb,3.111279,604,5,17.5,prehw,0,2/3/21 11:35,2/3/21 12:05,-18.8626176,-1.776728675,-17.08588893,19769.74747,9.891913201
47,ab47_amb_channel9_Trial7_posthw_11_25_20_O2,186.7124553,-0.027290093,17.384,B7,60,amb,3.609888,605,9,17.5,posthw,0,2/3/21 15:04,2/3/21 15:34,-16.51050599,-0.421377164,-16.08912882,16045.0584,9.683162426
48,ab48_amb_channel3_Trial8_prehw_10_30_20_O2,144.1148174,-0.025916251,17.62122222,A8,60,amb,2.36853,610,3,17.5,prehw,0,2/3/21 13:45,2/3/21 14:15,-15.80891293,-0.815682759,-14.99323017,22788.66158,10.03402278
48,ab48_amb_channel4_Trial4_posthw_11_24_20_O2,200.4910144,-0.031171864,17.34165517,B4,60,amb,2.486844,613,4,17.5,posthw,0,2/3/21 19:32,2/3/21 20:02,-19.10835281,-0.445563115,-18.6627897,27016.58926,10.20421007
48,ab48_amb_channel5_trial4_final_12_11_20_O2,167.7585871,-0.034388677,17.29690361,C4,60,amb,2.709387,613,5,17.5,final ,0,2/3/21 15:34,2/3/21 16:04,-21.08025921,-0.204929938,-20.87532927,27737.33888,10.23053836
49,ab49_amb_channel1_Trial9_posthw_11_25_20_O2,123.1645026,-0.023868238,17.4692,B9,60,amb,3.198606,605,1,17.5,posthw,0,2/3/21 20:50,2/3/21 21:20,-14.44028381,-1.610976708,-12.8293071,14439.26059,9.577713131
49,ab49_amb_channel10_Trial10_prehw_10_30_20_O2,137.5984086,-0.030746495,17.54993478,A10,60,amb,2.986392,605,10,17.5,prehw,0,2/3/21 17:44,2/3/21 18:14,-18.60162923,-0.816923259,-17.78470597,21438.89399,9.972966692
49,ab49_amb_channel4_trial7_final_12_12_20_O2,166.9606561,-0.045750166,17.47545745,C7,60,amb,3.473733,599,4,17.5,final ,0,2/3/21 13:00,2/3/21 13:30,-27.40434972,-0.4378049,-26.96654482,27946.75393,10.23805991
5,ab5_amb_channel10_trial8_final_12_12_20_O2,200.2457815,-0.010377414,17.47182443,C8,30,amb,0.774108,635,10,17.5,final ,0,2/3/21 15:18,2/3/21 15:48,-6.589658014,-0.53968664,-6.049971374,28135.47586,10.2447901
5,ab5_amb_channel4_Trial11_prehw_10_30_20_O2,201.1387414,-0.010824061,17.5235,A11,30,amb,0.643587,625,4,17.5,prehw,0,2/3/21 20:11,2/3/21 20:41,-6.765038159,-0.590702702,-6.174335457,34537.06748,10.44979134
5,ab5_amb_channel9_Trial3_posthw_11_24_20_O2,206.5926355,-0.012347841,17.32416667,B3,30,amb,0.783498,635,9,17.5,posthw,0,2/3/21 17:33,2/3/21 18:06,-7.840878845,-0.775609177,-7.065269668,32463.35129,10.38787016
50,ab50_amb_channel1_trial6_final_12_12_20_O2,167.7791104,-0.050386364,17.457,C6,60,amb,4.215543,598,1,17.5,final ,0,2/3/21 11:07,2/3/21 11:42,-30.13104545,-0.314206669,-29.81683879,25463.05888,10.14498794
50,ab50_amb_channel3_Trial3_posthw_11_24_20_O2,182.3630158,-0.026916347,17.40969903,B3,60,amb,4.249347,600,3,17.5,posthw,0,2/3/21 17:33,2/3/21 18:06,-16.14980814,-0.775609177,-15.37419896,13024.85212,9.47462219
50,ab50_amb_channel8_Trial1_prehw_10_29_20_O2,200.165338,-0.045012155,17.49529114,A1,60,amb,3.464343,601,8,17.5,prehw,0,2/3/21 9:20,2/3/21 9:50,-27.05230534,0.376641839,-27.42894718,28503.01193,10.25776855
51,ab51_hw_channel10_Trial1_prehw_10_29_20_O2,195.4467536,-0.030134839,17.45872152,A1,60,hw,2.245521,614,10,17.5,prehw,0,2/3/21 9:20,2/3/21 9:50,-18.50279124,0.376641839,-18.87943308,30267.34512,10.317828
52,ab52_hw_channel1_Trial6_prehw_10_30_20_O2,169.1272057,-0.034675754,17.52340698,A6,60,hw,2.79108,607,1,17.5,prehw,0,2/3/21 9:42,2/3/21 10:12,-21.04818246,-0.702983386,-20.34519908,26241.7117,10.17510928
52,ab52_hw_channel6_trial5_final_12_12_20_O2,148.2518008,-0.029925006,17.43547253,C5,60,hw,2.818311,616,6,17.5,final ,0,2/3/21 9:21,2/3/21 9:51,-18.43380399,-0.03118798,-18.40261601,23506.78035,10.06504844
52,ab52_hw_channel8_Trial5_posthw_11_25_20_O2,192.5873604,-0.024151786,21.21384466,B5,60,hw,2.792958,615,8,21,posthw,0,2/3/21 11:15,2/3/21 11:45,-14.85334839,0.065810064,-14.91915846,19230.13896,9.864239265
53,ab53_hw_channel8_Trial6_prehw_10_30_20_O2,185.8183144,-0.039026423,17.48201163,A6,60,hw,2.402334,605,8,17.5,prehw,0,2/3/21 9:42,2/3/21 10:12,-23.61098601,-0.702983386,-22.90800262,34328.61935,10.44373758
54,ab54_hw_channel8_Trial5_prehw_10_29_20_O2,194.4302653,-0.025693692,17.53197436,A5,60,hw,2.839908,609,8,17.5,prehw,0,2/3/21 18:36,2/3/21 19:06,-15.64745862,-0.354343746,-15.29311487,19386.26657,9.872325344
55,ab55_hw_channel1_Trial5_posthw_11_25_20_O2,200.5619172,-0.032042399,20.99445192,B5,60,hw,2.838969,610,1,21,posthw,0,2/3/21 11:15,2/3/21 11:45,-19.54586331,0.065810064,-19.61167337,24868.89576,10.12137716
55,ab55_hw_channel10_trial1_final_12_11_20_O2,147.2635652,-0.034991039,17.39678161,C1,60,hw,3.083109,615,10,17.5,final ,0,2/3/21 10:13,2/3/21 10:45,-21.51948908,-0.064039435,-21.45544965,25052.5099,10.12873329
55,ab55_hw_channel5_Trial9_prehw_10_30_20_O2,118.4206298,-0.026496505,17.39296296,A9,60,hw,2.683095,609,5,17.5,prehw,0,2/3/21 15:54,2/3/21 16:24,-16.13637129,-0.645965224,-15.49040607,20784.00572,9.941943826
56,ab56_amb_channel1_Trial7_prehw_10_30_20_O2,136.7013602,-0.025610575,17.6043908,A7,60,amb,2.91315,605,1,17.5,prehw,0,2/3/21 11:35,2/3/21 12:05,-15.49439769,-1.776728675,-13.71766902,16951.96213,9.738144765
56,ab56_amb_channel5_trial3_final_12_11_20_O2,204.0920798,-0.037266745,17.25352273,C3,60,amb,3.183582,610,5,17.5,final ,0,2/3/21 13:34,2/3/21 14:04,-22.73271439,-0.197928206,-22.53478618,25482.37496,10.14574624
56,ab56_amb_channel5_Trial8_posthw_11_25_20_O2,242.9793824,-0.035445016,17.27998758,B8,60,amb,3.102828,614,5,17.5,posthw,0,2/3/21 17:21,2/3/21 17:51,-21.76324003,-0.912281166,-20.85095887,24191.94745,10.09377924
57,ab57_amb_channel3_Trial3_prehw_10_29_20_O2,96.14055034,-0.017981931,17.61095238,A3,60,amb,3.069963,607,3,17.5,prehw,0,2/3/21 14:12,2/3/21 14:42,-10.91503238,0.001725144,-10.91675753,12801.56377,9.457330423
57,ab57_amb_channel4_Trial3_posthw_11_24_20_O2,195.6398158,-0.024142939,17.46231959,B3,60,amb,3.112218,617,4,17.5,posthw,0,2/3/21 17:33,2/3/21 18:06,-14.89619321,-0.775609177,-14.12058403,16333.72164,9.700993185
57,ab57_amb_channel9_trial8_final_12_12_20_O2,159.7437002,-0.035114591,17.38473171,C8,60,amb,3.081231,613,9,17.5,final ,0,2/3/21 15:18,2/3/21 15:48,-21.5252445,-0.53968664,-20.98555786,24518.77457,10.10719849
58,ab58_hw_channel9_Trial1_posthw_11_24_20_O2,198.8005287,-0.008863542,21.06881915,B1,60,hw,3.029586,611,9,21,posthw,0,2/3/21 13:30,2/3/21 14:00,-5.415623912,0.002627725,-5.418251637,6438.406401,8.770051867
58,ab58_hw_channel9_Trial11_prehw_10_30_20_O2,132.902372,-0.021143576,17.3457093,A11,60,hw,2.370408,656,9,17.5,prehw,0,2/3/21 20:11,2/3/21 20:41,-13.87018616,-0.590702702,-13.27948346,20167.89534,9.911852238
59,ab59_amb_channel1_trial4_final_12_11_20_O2,150.105516,-0.03866327,17.45053012,C4,60,amb,3.099072,609,1,17.5,final ,0,2/3/21 15:34,2/3/21 16:04,-23.54593137,-0.204929938,-23.34100144,27113.79573,10.20780163
59,ab59_amb_channel4_Trial8_prehw_10_30_20_O2,167.5581797,-0.031569032,17.57366667,A8,60,amb,2.701875,610,4,17.5,prehw,0,2/3/21 13:45,2/3/21 14:15,-19.25710939,-0.815682759,-18.44142663,24571.5053,10.1093468
59,ab59_amb_channel6_Trial8_posthw_11_25_20_O2,170.0774416,-0.020688091,17.37920497,B8,60,amb,2.59389,621,6,17.5,posthw,0,2/3/21 17:21,2/3/21 17:51,-12.84730424,-0.912281166,-11.93502307,16564.34277,9.715013675
6,ab6_amb_channel10_Trial9_posthw_11_25_20_O2,183.5198731,-0.013629488,17.65921277,B9,30,amb,0.970359,626,10,17.5,posthw,0,2/3/21 20:50,2/3/21 21:20,-8.532059431,-1.610976708,-6.921082723,25676.98945,10.15335441
6,ab6_amb_channel7_Trial10_prehw_10_30_20_O2,165.9590704,-0.009251357,17.5626383,A10,30,amb,0.768474,623,7,17.5,prehw,0,2/3/21 17:44,2/3/21 18:14,-5.763595701,-0.816923259,-4.946672442,23173.22485,10.05075711
6,ab6_amb_channel8_trial3_final_12_11_20_O2,218.4898708,-0.020229914,17.36622472,C3,30,amb,1.113087,630,8,17.5,final ,0,2/3/21 13:34,2/3/21 14:04,-12.74484605,-0.197928206,-12.54691784,40579.85066,10.6110294
60,ab60_hw_channel2_Trial2_posthw_11_24_20_O2,178.8498661,-0.025054238,21.2062963,B2,60,hw,2.347872,611,2,21,posthw,0,2/3/21 15:32,2/3/21 16:02,-15.30813972,-0.227358617,-15.08078111,23123.41217,10.04860522
60,ab60_hw_channel2_Trial3_prehw_10_29_20_O2,139.7257529,-0.018319029,17.52245882,A3,60,hw,2.154438,610,2,17.5,prehw,0,2/3/21 14:12,2/3/21 14:42,-11.17460784,0.001725144,-11.17633299,18675.31057,9.834962995
60,ab60_hw_channel4_trial5_final_12_12_20_O2,190.8887498,-0.025435609,17.44996703,C5,60,hw,2.268057,620,4,17.5,final ,0,2/3/21 9:21,2/3/21 9:51,-15.77007782,-0.03118798,-15.73888984,24981.73698,10.12590432
61,ab61_hw_channel5_Trial10_prehw_10_30_20_O2,76.13896667,-0.023803839,17.3422766,A10,90,hw,8.05887,558,5,17.5,prehw,0,2/3/21 17:44,2/3/21 18:14,-13.28254224,-0.816923259,-12.46561898,5568.550966,8.624908107
61,ab61_hw_channel6_Trial1_posthw_11_24_20_O2,117.7579078,-0.02416322,21.239125,B1,90,hw,7.790316,573,6,21,posthw,0,2/3/21 13:30,2/3/21 14:00,-13.84552485,0.002627725,-13.84815258,6399.400138,8.763975163
62,ab62_amb_channel1_Trial10_prehw_10_30_20_O2,54.54368971,-0.018783866,17.56446809,A10,90,amb,8.299254,552,1,17.5,prehw,0,2/3/21 17:44,2/3/21 18:14,-10.36869412,-0.816923259,-9.551770857,4143.309156,8.329274196
62,ab62_amb_channel3_trial4_final_12_11_20_O2,116.4192163,-0.053814663,17.54051807,C4,90,amb,7.967787,571,3,17.5,final ,0,2/3/21 15:34,2/3/21 16:04,-30.72817229,-0.204929938,-30.52324235,13790.9902,9.531778025
62,ab62_amb_channel3_Trial9_posthw_11_25_20_O2,63.85085036,-0.020823832,17.50276842,B9,90,amb,8.023188,575,3,17.5,posthw,0,2/3/21 20:50,2/3/21 21:20,-11.97370319,-1.610976708,-10.36272648,4649.749617,8.444590158
63,ab63_amb_channel2_Trial6_prehw_10_30_20_O2,97.09010582,-0.041029716,17.51781395,A6,90,amb,7.810974,557,2,17.5,prehw,0,2/3/21 9:42,2/3/21 10:12,-22.85355199,-0.702983386,-22.1505686,10208.97611,9.231032418
63,ab63_amb_channel2_Trial7_posthw_11_25_20_O2,145.624226,-0.037128094,17.50490265,B7,90,amb,8.755608,559,2,17.5,posthw,0,2/3/21 15:04,2/3/21 15:34,-20.7546045,-0.421377164,-20.33322733,8360.312431,9.031263039
63,ab63_amb_channel5_trial8_final_12_12_20_O2,96.88871568,-0.034942901,17.42346721,C8,90,amb,7.450398,579,5,17.5,final ,0,2/3/21 15:18,2/3/21 15:48,-20.23193976,-0.53968664,-19.69225312,9515.211301,9.160657496
64,ab64_amb_channel2_Trial7_prehw_10_30_20_O2,63.55936927,-0.027982786,17.55935632,A7,90,amb,7.254147,558,2,17.5,prehw,0,2/3/21 11:35,2/3/21 12:05,-15.61439461,-1.776728675,-13.83766594,6867.188846,8.834524671
64,ab64_amb_channel6_trial7_final_12_12_20_O2,156.2564697,-0.051621025,17.47182105,C7,90,amb,6.681357,584,6,17.5,final ,0,2/3/21 13:00,2/3/21 13:30,-30.14667851,-0.4378049,-29.70887361,16007.51838,9.680820037
64,ab64_amb_channel8_Trial7_posthw_11_25_20_O2,160.2600048,-0.042493105,17.52447788,B7,90,amb,7.661673,574,8,17.5,posthw,0,2/3/21 15:04,2/3/21 15:34,-24.39104229,-0.421377164,-23.96966512,11262.65692,9.329256714
65,ab65_hw_channel4_Trial3_prehw_10_29_20_O2,27.21222214,-0.009247928,17.53175,A3,90,hw,8.480481,544,4,17.5,prehw,0,2/3/21 14:12,2/3/21 14:42,-5.030872896,0.001725144,-5.032598041,2136.359122,7.666905122
66,ab66_amb_channel10_Trial7_posthw_11_25_20_O2,142.2127704,-0.032920651,17.47415044,B7,90,amb,7.071042,579,10,17.5,posthw,0,2/3/21 15:04,2/3/21 15:34,-19.06105679,-0.421377164,-18.63967963,9489.810224,9.157984431
66,ab66_amb_channel2_trial6_final_12_12_20_O2,166.1689318,-0.067976518,17.50111215,C6,90,amb,7.412838,569,2,17.5,final ,0,2/3/21 11:07,2/3/21 11:42,-38.67863875,-0.314206669,-38.36443208,18631.45471,9.832611912
66,ab66_amb_channel6_Trial5_prehw_10_29_20_O2,92.02367975,-0.036534254,17.44079487,A5,90,amb,7.328328,577,6,17.5,prehw,0,2/3/21 18:36,2/3/21 19:06,-21.08026469,-0.354343746,-20.72592094,10181.49234,9.228336696
67,ab67_hw_channel1_Trial9_prehw_10_30_20_O2,60.47351449,-0.017685923,17.538,A9,90,hw,7.456032,566,1,17.5,prehw,0,2/3/21 15:54,2/3/21 16:24,-10.01023261,-0.645965224,-9.364267389,4521.354335,8.416588977
68,ab68_amb_channel1_Trial1_prehw_10_29_20_O2,167.576359,-0.056309038,17.44440506,A1,90,amb,6.610932,574,1,17.5,prehw,0,2/3/21 9:20,2/3/21 9:50,-32.32138808,0.376641839,-32.69802992,17805.79617,9.787284927
68,ab68_amb_channel2_trial3_final_12_11_20_O2,133.2832632,-0.043468815,17.3652625,C3,90,amb,7.27011,570,2,17.5,final ,0,2/3/21 13:34,2/3/21 14:04,-24.77722474,-0.197928206,-24.57929653,12171.13187,9.406830403
68,ab68_amb_channel5_Trial3_posthw_11_24_20_O2,150.9738744,-0.041415467,17.39936458,B3,90,amb,7.168698,577,5,17.5,posthw,0,2/3/21 17:33,2/3/21 18:06,-23.89672445,-0.775609177,-23.12111527,11611.03662,9.35971997
69,ab69_amb_channel1_Trial3_posthw_11_24_20_O2,114.1324956,-0.032927611,17.45197938,B3,90,amb,8.981907,567,1,17.5,posthw,0,2/3/21 17:33,2/3/21 18:06,-18.66995536,-0.775609177,-17.89434618,7172.156898,8.877975654
69,ab69_amb_channel2_trial7_final_12_12_20_O2,127.3350921,-0.042773692,17.45291489,C7,90,amb,7.717074,613,2,17.5,final ,0,2/3/21 13:00,2/3/21 13:30,-26.22027315,-0.4378049,-25.78246825,12027.47125,9.394956898
69,ab69_amb_channel8_Trial11_prehw_10_30_20_O2,66.58455834,-0.024504711,17.50923256,A11,90,amb,8.195025,555,8,17.5,prehw,0,2/3/21 20:11,2/3/21 20:41,-13.60011464,-0.590702702,-13.00941194,5714.916425,8.65085245
7,ab7_amb_channel1_trial8_final_12_12_20_O2,231.3618096,-0.012953932,17.44496875,C8,30,amb,0.745938,628,1,17.5,final ,0,2/3/21 15:18,2/3/21 15:48,-8.135069413,-0.53968664,-7.595382773,36656.3682,10.50934518
7,ab7_amb_channel7_Trial7_prehw_10_30_20_O2,195.2203759,-0.009957184,17.63844828,A7,30,amb,0.602271,625,7,17.5,prehw,0,2/3/21 11:35,2/3/21 12:05,-6.223239918,-1.776728675,-4.446511243,26578.46796,10.18786045
7,ab7_amb_channel7_Trial8_posthw_11_25_20_O2,187.742272,-0.00959358,17.48104969,B8,30,amb,0.68772,631,7,17.5,posthw,0,2/3/21 17:21,2/3/21 17:51,-6.053549193,-0.912281166,-5.141268027,26912.9368,10.20036609
70,ab70_hw_channel2_Trial9_prehw_10_30_20_O2,100.2653798,-0.04819581,17.51848148,A9,90,hw,7.979055,559,2,17.5,prehw,0,2/3/21 15:54,2/3/21 16:24,-26.94145785,-0.645965224,-26.29549262,11864.0332,9.381275111
70,ab70_hw_channel7_trial5_final_12_12_20_O2,121.7180478,-0.046491292,17.55151648,C5,90,hw,7.363071,575,7,17.5,final ,0,2/3/21 9:21,2/3/21 9:51,-26.73249291,-0.03118798,-26.70130493,13054.97363,9.476932121
70,ab70_hw_channel8_Trial2_posthw_11_24_20_O2,148.954885,-0.054919327,21.1948642,B2,90,hw,7.426923,576,8,21,posthw,0,2/3/21 15:32,2/3/21 16:02,-31.63353208,-0.227358617,-31.40617346,15223.29294,9.630588533
71,ab71_hw_channel1_Trial1_posthw_11_24_20_O2,184.967117,-0.035490502,21.25945745,B1,90,hw,7.819425,557,1,21,posthw,0,2/3/21 13:30,2/3/21 14:00,-19.7682095,0.002627725,-19.77083723,9102.333486,9.116297073
71,ab71_hw_channel8_trial1_final_12_11_20_O2,107.3751879,-0.04040568,17.39250575,C1,90,hw,7.882338,577,8,17.5,final ,0,2/3/21 10:13,2/3/21 10:45,-23.31407739,-0.064039435,-23.25003796,10618.69418,9.270380746
71,ab71_hw_channel9_Trial1_prehw_10_29_20_O2,154.0894201,-0.052080985,17.32292405,A1,90,hw,8.069199,556,9,17.5,prehw,0,2/3/21 9:20,2/3/21 9:50,-28.95702749,0.376641839,-29.33366933,13086.95071,9.479378525
72,ab72_hw_channel4_Trial6_posthw_11_25_20_O2,204.9334533,-0.013201462,21.11591463,B6,90,hw,7.684209,566,4,21,posthw,0,2/3/21 12:46,2/3/21 13:16,-7.472027747,-0.256398303,-7.215629444,3380.473644,8.125800691
72,ab72_hw_channel5_Trial6_prehw_10_30_20_O2,86.8393392,-0.027546741,17.41572093,A6,90,hw,8.417568,562,5,17.5,prehw,0,2/3/21 9:42,2/3/21 10:12,-15.48126825,-0.702983386,-14.77828487,6320.332134,8.75154286
73,ab73_amb_channel1_Trial3_prehw_10_29_20_O2,25.07910968,-0.006745694,17.54680233,A3,90,amb,7.910508,565,1,17.5,prehw,0,2/3/21 14:12,2/3/21 14:42,-3.811317195,0.001725144,-3.81304234,1735.280771,7.458982133
73,ab73_amb_channel3_Trial4_posthw_11_24_20_O2,140.709372,-0.042294071,17.42987356,B4,90,amb,8.082345,570,3,17.5,posthw,0,2/3/21 19:32,2/3/21 20:02,-24.10762055,-0.445563115,-23.66205744,10539.44205,9.262889373
73,ab73_amb_channel8_trial8_final_12_12_20_O2,70.16829292,-0.023667007,17.50550407,C8,90,amb,8.116149,575,8,17.5,final ,0,2/3/21 15:18,2/3/21 15:48,-13.60852882,-0.53968664,-13.06884218,5796.817165,8.665081532
74,ab74_amb_channel10_Trial5_prehw_10_29_20_O2,112.9127996,-0.04977758,17.57360256,A5,90,amb,7.952763,572,10,17.5,prehw,0,2/3/21 18:36,2/3/21 19:06,-28.47277561,-0.354343746,-28.11843186,12728.45107,9.451602865
74,ab74_amb_channel4_trial6_final_12_12_20_O2,175.7691554,-0.064504553,17.50231776,C6,90,amb,8.005347,577,4,17.5,final ,0,2/3/21 11:07,2/3/21 11:42,-37.21912713,-0.314206669,-36.90492046,16596.12177,9.716930344
74,ab74_amb_channel5_Trial4_posthw_11_24_20_O2,150.4825724,-0.051654197,17.36063218,B4,90,amb,8.502078,572,5,17.5,posthw,0,2/3/21 19:32,2/3/21 20:02,-29.54620047,-0.445563115,-29.10063735,12321.96346,9.419146712
75,ab75_hw_channel5_trial1_final_12_11_20_O2,174.0100135,-0.065452889,17.30286207,C1,90,hw,8.073894,566,5,17.5,final ,0,2/3/21 10:13,2/3/21 10:45,-37.04633538,-0.064039435,-36.98229594,16489.72174,9.710498605
75,ab75_hw_channel6_Trial2_posthw_11_24_20_O2,130.2829214,-0.032633554,21.08062963,B2,90,hw,7.505799,572,6,21,posthw,0,2/3/21 15:32,2/3/21 16:02,-18.66639289,-0.227358617,-18.43903427,8843.89835,9.087494355
75,ab75_hw_channel9_Trial4_prehw_10_29_20_O2,74.85164409,-0.024893103,17.47020225,A4,90,hw,8.758425,555,9,17.5,prehw,0,2/3/21 16:38,2/3/21 17:08,-13.81567204,-0.271068957,-13.54460308,5567.276204,8.624679163
76,ab76_amb_channel2_trial4_final_12_11_20_O2,72.42796393,-0.042267069,17.44873494,C4,90,amb,7.753695,568,2,17.5,final ,0,2/3/21 15:34,2/3/21 16:04,-24.00769526,-0.204929938,-23.80276532,11051.49934,9.310330433
76,ab76_amb_channel3_Trial4_prehw_10_29_20_O2,57.82686798,-0.024105541,17.59995506,A4,90,amb,7.387485,570,3,17.5,prehw,0,2/3/21 16:38,2/3/21 17:08,-13.74015846,-0.271068957,-13.46908951,6563.630549,8.789314402
76,ab76_amb_channel7_Trial4_posthw_11_24_20_O2,151.3729449,-0.047106388,17.45304598,B4,90,amb,7.987506,570,7,17.5,posthw,0,2/3/21 19:32,2/3/21 20:02,-26.85064133,-0.445563115,-26.40507822,11900.87138,9.384375305
77,ab77_hw_channel3_Trial1_prehw_10_29_20_O2,147.1122834,-0.059849769,17.50258228,A1,90,hw,8.06826,565,3,17.5,prehw,0,2/3/21 9:20,2/3/21 9:50,-33.81511962,0.376641839,-34.19176145,15256.11981,9.632742555
78,ab78_hw_channel1_Trial11_prehw_10_30_20_O2,78.14212661,-0.03017333,17.51190805,A11,90,hw,8.022249,563,1,17.5,prehw,0,2/3/21 20:11,2/3/21 20:41,-16.98758468,-0.590702702,-16.39688198,7358.133004,8.903575102
78,ab78_hw_channel7_Trial1_posthw_11_24_20_O2,173.1446746,-0.011011698,21.2625625,B1,90,hw,7.475751,575,7,21,posthw,0,2/3/21 13:30,2/3/21 14:00,-6.3317262,0.002627725,-6.334353926,3050.352283,8.023045148
79,ab79_amb_channel3_Trial10_prehw_10_30_20_O2,74.20322045,-0.023976066,17.54023404,A10,90,amb,7.57059,563,3,17.5,prehw,0,2/3/21 17:44,2/3/21 18:14,-13.49852534,-0.816923259,-12.68160208,6030.410773,8.704586991
79,ab79_amb_channel6_Trial9_posthw_11_25_20_O2,84.92320632,-0.026608201,17.57942105,B9,90,amb,7.368705,580,6,17.5,posthw,0,2/3/21 20:50,2/3/21 21:20,-15.43275673,-1.610976708,-13.82178002,6752.666592,8.817707565
79,ab79_amb_channel7_trial3_final_12_11_20_O2,163.6180472,-0.062246261,17.51361364,C3,90,amb,7.207197,582,7,17.5,final ,0,2/3/21 13:34,2/3/21 14:04,-36.22732416,-0.197928206,-36.02939596,17996.70877,9.79794973
8,ab8_hw_channel10_trial2_final_12_11_20_O2,198.0058235,-0.01456179,17.39837647,C2,30,hw,1.068015,631,10,17.5,final ,0,2/3/21 11:57,2/3/21 12:27,-9.188489527,-0.220862328,-8.967627198,30227.5323,10.31651176
8,ab8_hw_channel7_Trial2_posthw_11_24_20_O2,179.107416,-0.011161519,21.19987654,B2,30,hw,1.036089,630,7,21,posthw,0,2/3/21 15:32,2/3/21 16:02,-7.031757143,-0.227358617,-6.804398526,23642.59701,10.07080955
8,ab8_hw_channel8_Trial3_prehw_10_29_20_O2,199.9512986,-0.013275195,17.59873494,A3,30,hw,0.902751,627,8,17.5,prehw,0,2/3/21 14:12,2/3/21 14:42,-8.323547143,0.001725144,-8.325272287,33199.60901,10.41029639
80,ab80_hw_channel10_Trial2_posthw_11_24_20_O2,126.224585,-0.029717422,21.223575,B2,90,hw,7.428801,575,10,21,posthw,0,2/3/21 15:32,2/3/21 16:02,-17.08751742,-0.227358617,-16.8601588,8170.439846,9.008290262
80,ab80_hw_channel5_Trial3_prehw_10_29_20_O2,67.58335673,-0.021261561,17.40661905,A3,90,hw,7.568712,569,5,17.5,prehw,0,2/3/21 14:12,2/3/21 14:42,-12.09782836,0.001725144,-12.0995535,5755.060123,8.657852144
81,ab81_amb_channel10_Trial8_prehw_10_30_20_O2,77.64472465,-0.026625014,17.57676543,A8,90,amb,7.629747,568,10,17.5,prehw,0,2/3/21 13:45,2/3/21 14:15,-15.12300805,-0.815682759,-14.30732529,6750.731192,8.817420916
81,ab81_amb_channel8_trial4_final_12_11_20_O2,178.4244319,-0.068291581,17.45119277,C4,90,amb,7.446642,575,8,17.5,final ,0,2/3/21 15:34,2/3/21 16:04,-39.26765913,-0.204929938,-39.06272919,18884.46163,9.846100022
81,ab81_amb_channel9_Trial8_posthw_11_25_20_O2,217.8055104,-0.056404112,17.30213665,B8,90,amb,7.427862,578,9,17.5,posthw,0,2/3/21 17:21,2/3/21 17:51,-32.60157651,-0.912281166,-31.68929535,15358.5868,9.639436508
82,ab82_hw_channel2_Trial5_posthw_11_25_20_O2,144.6966863,-0.033091735,21.04241346,B5,90,hw,7.187478,573,2,21,posthw,0,2/3/21 11:15,2/3/21 11:45,-18.96156427,0.065810064,-19.02737434,9530.261882,9.162237969
82,ab82_hw_channel4_Trial7_prehw_10_30_20_O2,52.18297297,-0.017779908,17.57183908,A7,90,hw,7.426923,562,4,17.5,prehw,0,2/3/21 11:35,2/3/21 12:05,-9.992308169,-1.776728675,-8.215579494,3982.2799,8.289634884
82,ab82_hw_channel8_trial5_final_12_12_20_O2,118.6973845,-0.046656347,17.45437363,C5,90,hw,7.503921,577,8,17.5,final ,0,2/3/21 9:21,2/3/21 9:51,-26.92071218,-0.03118798,-26.8895242,12900.22738,9.465007968
83,ab83_amb_channel3_trial8_final_12_12_20_O2,63.01633783,-0.01910749,17.53259016,C8,90,amb,7.391241,576,3,17.5,final ,0,2/3/21 15:18,2/3/21 15:48,-11.00591445,-0.53968664,-10.46622781,5097.712295,8.536566765
83,ab83_amb_channel5_Trial9_posthw_11_25_20_O2,84.47589142,-0.03010558,17.30248421,B9,90,amb,7.910508,573,5,17.5,posthw,0,2/3/21 20:50,2/3/21 21:20,-17.25049716,-1.610976708,-15.63952045,7117.403031,8.870312245
83,ab83_amb_channel9_Trial9_prehw_10_30_20_O2,49.62634729,-0.016545362,17.43445679,A9,90,amb,7.775292,566,9,17.5,prehw,0,2/3/21 15:54,2/3/21 16:24,-9.364675072,-0.645965224,-8.718709849,4036.807294,8.303234156
84,ab84_hw_channel2_trial1_final_12_11_20_O2,122.5185746,-0.058233132,17.40810345,C1,90,hw,7.497348,560,2,17.5,final ,0,2/3/21 10:13,2/3/21 10:45,-32.61055419,-0.064039435,-32.54651476,15627.85309,9.656816455
84,ab84_hw_channel2_Trial6_posthw_11_25_20_O2,159.9808701,-0.048488823,21.11973171,B6,90,hw,7.765902,565,2,21,posthw,0,2/3/21 12:46,2/3/21 13:16,-27.39618506,-0.256398303,-27.13978676,12581.05399,9.439955258
84,ab84_hw_channel9_Trial7_prehw_10_30_20_O2,60.56218757,-0.020276719,17.48048276,A7,90,hw,8.238219,553,9,17.5,prehw,0,2/3/21 11:35,2/3/21 12:05,-11.21302581,-1.776728675,-9.436297136,4123.545355,8.324492846
85,ab85_amb_channel10_Trial11_prehw_10_30_20_O2,79.96828493,-0.030165898,17.3402,A11,90,amb,7.707684,565,10,17.5,prehw,0,2/3/21 20:11,2/3/21 20:41,-17.04373244,-0.590702702,-16.45302974,7684.656905,8.946994023
85,ab85_amb_channel5_trial7_final_12_12_20_O2,116.1097392,-0.045097121,17.39348421,C7,90,amb,7.806279,577,5,17.5,final ,0,2/3/21 13:00,2/3/21 13:30,-26.02103859,-0.4378049,-25.58323369,11798.14881,9.375706393
85,ab85_amb_channel6_Trial3_posthw_11_24_20_O2,106.6769841,-0.041278175,17.51563542,B3,90,amb,8.026944,571,6,17.5,posthw,0,2/3/21 17:33,2/3/21 18:06,-23.56983808,-0.775609177,-22.7942289,10222.97204,9.232402409
86,ab86_hw_channel4_Trial5_prehw_10_29_20_O2,88.50506955,-0.029481182,17.54037179,A5,90,hw,9.895554,517,4,17.5,prehw,0,2/3/21 18:36,2/3/21 19:06,-15.24177109,-0.354343746,-14.88742734,5416.042238,8.597139077
86,ab86_hw_channel6_Trial5_posthw_11_25_20_O2,179.7286384,-0.007897404,21.04995146,B5,90,hw,7.733037,575,6,21,posthw,0,2/3/21 11:15,2/3/21 11:45,-4.541007167,0.065810064,-4.606817231,2144.635029,7.670771294
87,ab87_amb_channel10_Trial8_posthw_11_25_20_O2,121.2847322,-0.035646324,17.31324845,B8,90,amb,7.253208,585,10,17.5,posthw,0,2/3/21 17:21,2/3/21 17:51,-20.85309951,-0.912281166,-19.94081835,9897.268361,9.200024179
87,ab87_amb_channel2_Trial8_prehw_10_30_20_O2,83.88582687,-0.03029203,17.56711111,A8,90,amb,7.725525,562,2,17.5,prehw,0,2/3/21 13:45,2/3/21 14:15,-17.02412064,-0.815682759,-16.20843789,7552.933475,8.929704546
87,ab87_amb_channel5_trial6_final_12_12_20_O2,160.5563813,-0.056054164,17.35588785,C6,90,amb,7.830693,582,5,17.5,final ,0,2/3/21 11:07,2/3/21 11:42,-32.62352361,-0.314206669,-32.30931694,14853.54374,9.606000484
88,ab88_amb_channel1_trial3_final_12_11_20_O2,137.3450567,-0.069623237,17.377725,C3,90,amb,8.515224,564,1,17.5,final ,0,2/3/21 13:34,2/3/21 14:04,-39.26750543,-0.197928206,-39.06957723,16517.53119,9.712183646
88,ab88_amb_channel2_Trial8_posthw_11_25_20_O2,200.3085447,-0.066112728,17.37227329,B8,90,amb,8.520858,565,2,17.5,posthw,0,2/3/21 17:21,2/3/21 17:51,-37.35369136,-0.912281166,-36.4414102,15396.22849,9.64188435
88,ab88_amb_channel9_Trial8_prehw_10_30_20_O2,55.02670899,-0.023589847,17.46202469,A8,90,amb,8.704902,556,9,17.5,prehw,0,2/3/21 13:45,2/3/21 14:15,-13.11595485,-0.815682759,-12.30027209,5086.901556,8.534443851
89,ab89_hw_channel4_Trial5_posthw_11_25_20_O2,205.9671961,-0.023460212,21.16180583,B5,90,hw,7.442886,579,4,21,posthw,0,2/3/21 11:15,2/3/21 11:45,-13.58346272,0.065810064,-13.64927278,6601.925923,8.795131839
89,ab89_hw_channel7_Trial4_prehw_10_29_20_O2,147.4384418,-0.046721976,17.60234831,A4,90,hw,7.919898,567,7,17.5,prehw,0,2/3/21 16:38,2/3/21 17:08,-26.49136055,-0.271068957,-26.2202916,11918.46786,9.385852787
9,ab9_amb_channel6_Trial1_prehw_10_29_20_O2,187.2400415,-0.005426285,17.47012658,A1,30,amb,0.451092,628,6,17.5,prehw,0,2/3/21 9:20,2/3/21 9:50,-3.407707292,0.376641839,-3.784349131,30201.50406,10.31565032
9,ab9_amb_channel8_Trial3_posthw_11_24_20_O2,226.4200943,-0.008310692,17.49708911,B3,30,amb,0.544053,636,8,17.5,posthw,0,2/3/21 17:33,2/3/21 18:06,-5.285600308,-0.775609177,-4.50999113,29842.62208,10.30369627
9,ab9_amb_channel8_trial6_final_12_12_20_O2,231.4940596,-0.010197073,17.38795327,C6,30,amb,0.574101,636,8,17.5,final ,0,2/3/21 11:07,2/3/21 11:42,-6.485338471,-0.314206669,-6.171131803,38697.15345,10.56352391
90,ab90_hw_channel4_Trial6_prehw_10_30_20_O2,89.92466742,-0.031766204,17.51822093,A6,90,hw,7.697355,570,4,17.5,prehw,0,2/3/21 9:42,2/3/21 10:12,-18.10673651,-0.702983386,-17.40375313,8139.615654,9.004510526